/*
SQLyog Ultimate v12.09 (64 bit)
MySQL - 5.7.22 : Database - scp_admin
*********************************************************************
*/

/*!40101 SET NAMES utf8 */;

/*!40101 SET SQL_MODE=''*/;

/*!40014 SET @OLD_UNIQUE_CHECKS=@@UNIQUE_CHECKS, UNIQUE_CHECKS=0 */;
/*!40014 SET @OLD_FOREIGN_KEY_CHECKS=@@FOREIGN_KEY_CHECKS, FOREIGN_KEY_CHECKS=0 */;
/*!40101 SET @OLD_SQL_MODE=@@SQL_MODE, SQL_MODE='NO_AUTO_VALUE_ON_ZERO' */;
/*!40111 SET @OLD_SQL_NOTES=@@SQL_NOTES, SQL_NOTES=0 */;
CREATE DATABASE /*!32312 IF NOT EXISTS*/`scp_admin` /*!40100 DEFAULT CHARACTER SET utf8mb4 */;

USE `scp_admin`;

/*Table structure for table `base_depart` */

DROP TABLE IF EXISTS `base_depart`;

CREATE TABLE `base_depart` (
  `id` varchar(36) NOT NULL COMMENT '主键',
  `name` varchar(255) DEFAULT NULL COMMENT '组织名称',
  `parent_id` varchar(36) DEFAULT NULL COMMENT '上级节点',
  `code` varchar(100) DEFAULT NULL COMMENT '编码',
  `path` varchar(4000) DEFAULT NULL COMMENT '路劲',
  `type` varchar(36) DEFAULT NULL COMMENT '部门类型',
  `crt_user_name` varchar(255) DEFAULT NULL COMMENT '创建人',
  `crt_user_id` varchar(36) DEFAULT NULL COMMENT '创建人ID',
  `crt_time` datetime DEFAULT NULL COMMENT '创建时间',
  `upd_user_name` varchar(255) DEFAULT NULL COMMENT '最后更新人',
  `upd_user_id` varchar(36) DEFAULT NULL COMMENT '最后更新人ID',
  `upd_time` datetime DEFAULT NULL COMMENT '最后更新时间',
  `attr1` varchar(255) DEFAULT NULL,
  `attr2` varchar(255) DEFAULT NULL,
  `attr3` varchar(255) DEFAULT NULL,
  `attr4` varchar(255) DEFAULT NULL,
  `tenant_id` varchar(36) DEFAULT NULL,
  PRIMARY KEY (`id`) USING BTREE,
  UNIQUE KEY `unique_code` (`code`) USING BTREE
) ENGINE=InnoDB DEFAULT CHARSET=utf8mb4 ROW_FORMAT=DYNAMIC;

/*Data for the table `base_depart` */

insert  into `base_depart`(`id`,`name`,`parent_id`,`code`,`path`,`type`,`crt_user_name`,`crt_user_id`,`crt_time`,`upd_user_name`,`upd_user_id`,`upd_time`,`attr1`,`attr2`,`attr3`,`attr4`,`tenant_id`) values ('05dc8560f4ed447e831c1f8914df772c','综合执法部','-1','1531659113090',NULL,'ou','licheng','2147a930090546c1ad9d4ef98330e97c','2018-07-15 20:51:54','licheng','2147a930090546c1ad9d4ef98330e97c','2018-07-15 20:52:36',NULL,NULL,NULL,NULL,'9da5649b2cbb477ab680bd347059bac7'),('2b06ea24a3cf40659c183da3242cc669','子节点','d8bb2fc8d51745458f77a78c42bf60ab','1518502802626_tmp',NULL,NULL,'测试租户','a1a2cb17b4f24e50bbde2f1b8a233bcb','2018-02-13 14:20:03','测试租户','a1a2cb17b4f24e50bbde2f1b8a233bcb','2018-02-13 14:20:03',NULL,NULL,NULL,NULL,'1ec08564dcc344018d6aaa910068f0f0'),('3e84b05589854210b25b67160857f74c','文证审查业务部门','af89d11c540e4740b04fa32541356099','1531740575629_tmp',NULL,'bu','技术性审查项目管理员','a035e8755fc54617b80c24bea3cdc630','2018-07-16 19:29:36','技术性审查项目管理员','a035e8755fc54617b80c24bea3cdc630','2018-07-16 19:29:50',NULL,NULL,NULL,NULL,'2d90cfe4ca4648a193b05de645f5ae54'),('6e82b06353d141a58e2c9f4edb2ddd63','古建筑所','root','1531739075284_tmp',NULL,'ou','管理员','1','2018-07-16 19:04:36','管理员','1','2018-07-16 19:04:52',NULL,NULL,NULL,NULL,'ac88ceb386aa4231b09bf472cb937c24'),('7c08811bb80a4892b837b608c04586f5','法律顾问','05dc8560f4ed447e831c1f8914df772c','1532264963217_tmp',NULL,NULL,'licheng','2147a930090546c1ad9d4ef98330e97c','2018-07-22 21:09:23','licheng','2147a930090546c1ad9d4ef98330e97c','2018-07-22 21:10:20',NULL,NULL,NULL,NULL,'9da5649b2cbb477ab680bd347059bac7'),('8782fcb72842440fa3254bf72717d7b0','子节点','d8bb2fc8d51745458f77a78c42bf60ab','1518500776414_tmp',NULL,NULL,'王小七','59c28b8593c2472e99e54e3ed9b6efe8','2018-02-13 13:46:17','王小七','59c28b8593c2472e99e54e3ed9b6efe8','2018-02-13 13:46:17',NULL,NULL,NULL,NULL,'1ec08564dcc344018d6aaa910068f0f0'),('9250f76e502e4c99985520c06f5378fc','综合执法','root','1530625697454_tmp',NULL,'ou','管理员','1','2018-07-03 21:48:16','管理员','1','2018-07-11 11:13:54',NULL,NULL,NULL,NULL,'ac88ceb386aa4231b09bf472cb937c24'),('9a255e4ca80842d0bdb18029d916fb1e','子节点','8782fcb72842440fa3254bf72717d7b0','1518505073066_tmp',NULL,NULL,'测试租户','a1a2cb17b4f24e50bbde2f1b8a233bcb','2018-02-13 14:57:53','测试租户','a1a2cb17b4f24e50bbde2f1b8a233bcb','2018-02-13 14:57:53',NULL,NULL,NULL,NULL,'1ec08564dcc344018d6aaa910068f0f0'),('9f871185e4a648dbbdc7bb880c0eb90f','子节点','8782fcb72842440fa3254bf72717d7b0','1518507609891_tmp',NULL,NULL,'测试租户','a1a2cb17b4f24e50bbde2f1b8a233bcb','2018-02-13 15:40:10','测试租户','a1a2cb17b4f24e50bbde2f1b8a233bcb','2018-02-13 15:40:10',NULL,NULL,NULL,NULL,'1ec08564dcc344018d6aaa910068f0f0'),('a269b706b0b34ee89dd7e8e08e8514bc','子节点','8782fcb72842440fa3254bf72717d7b0','1518507610091_tmp',NULL,NULL,'测试租户','a1a2cb17b4f24e50bbde2f1b8a233bcb','2018-02-13 15:40:10','测试租户','a1a2cb17b4f24e50bbde2f1b8a233bcb','2018-02-13 15:40:10',NULL,NULL,NULL,NULL,'1ec08564dcc344018d6aaa910068f0f0'),('af89d11c540e4740b04fa32541356099','最高人民检察院','-1','1531740554065',NULL,'group','技术性审查项目管理员','a035e8755fc54617b80c24bea3cdc630','2018-07-16 19:29:15','技术性审查项目管理员','a035e8755fc54617b80c24bea3cdc630','2018-07-16 19:29:28',NULL,NULL,NULL,NULL,'2d90cfe4ca4648a193b05de645f5ae54'),('d583e7de6d2d48b78fb3c7dcb180cb1f','普通租户','root','1518438046753_tmp',NULL,'group','Mr.AG','1','2018-02-12 20:20:47','Mr.AG','1','2018-02-12 20:26:26',NULL,NULL,NULL,NULL,'ac88ceb386aa4231b09bf472cb937c24'),('d8bb2fc8d51745458f77a78c42bf60ab','测试租户部门','-1','1518449909887',NULL,'group','测试租户','a1a2cb17b4f24e50bbde2f1b8a233bcb','2018-02-12 23:38:30','测试租户','a1a2cb17b4f24e50bbde2f1b8a233bcb','2018-02-12 23:40:46',NULL,NULL,NULL,NULL,'1ec08564dcc344018d6aaa910068f0f0'),('ef46a308050a48f8bf7f68e6159c97d3','司法部门','root','1531658921948_tmp',NULL,'ou','管理员','1','2018-07-15 20:48:43','管理员','1','2018-07-16 19:04:31',NULL,NULL,NULL,NULL,'ac88ceb386aa4231b09bf472cb937c24'),('fe3f79bcf2c540559156275cd801843b','综合治理','root','1530625715158_tmp',NULL,'ou','管理员','1','2018-07-03 21:48:34','管理员','1','2018-07-11 11:14:07',NULL,NULL,NULL,NULL,'ac88ceb386aa4231b09bf472cb937c24'),('root','超级租户部门','-1','1518437538385',NULL,NULL,'Mr.AG','1','2018-02-12 20:12:18','Mr.AG','1','2018-02-12 20:13:55',NULL,NULL,NULL,NULL,'ac88ceb386aa4231b09bf472cb937c24');

/*Table structure for table `base_depart_user` */

DROP TABLE IF EXISTS `base_depart_user`;

CREATE TABLE `base_depart_user` (
  `id` varchar(36) NOT NULL,
  `user_id` varchar(36) DEFAULT NULL,
  `depart_id` varchar(36) DEFAULT NULL,
  `tenant_id` varchar(36) DEFAULT NULL,
  PRIMARY KEY (`id`) USING BTREE
) ENGINE=InnoDB DEFAULT CHARSET=utf8mb4 ROW_FORMAT=DYNAMIC;

/*Data for the table `base_depart_user` */

insert  into `base_depart_user`(`id`,`user_id`,`depart_id`,`tenant_id`) values ('11c493ebe5fc4075952ace01901301f6','a1a2cb17b4f24e50bbde2f1b8a233bcb','d583e7de6d2d48b78fb3c7dcb180cb1f','ac88ceb386aa4231b09bf472cb937c24'),('4f9ba6144cae40baad260d1aa94e9351','5b29e88e363c41c394ad50cf830f6e0a','d583e7de6d2d48b78fb3c7dcb180cb1f','ac88ceb386aa4231b09bf472cb937c24'),('5c5330952de94f4d8e9534b69616ec7d','59c28b8593c2472e99e54e3ed9b6efe8','d8bb2fc8d51745458f77a78c42bf60ab','1ec08564dcc344018d6aaa910068f0f0'),('637d9625f1cf480383289505dc63b7fb','a035e8755fc54617b80c24bea3cdc630','af89d11c540e4740b04fa32541356099','2d90cfe4ca4648a193b05de645f5ae54'),('757b3ca9f4644e77b001a97d71cfab39','cd22f879ce8a46daa04bf1f4c27f2da6','af89d11c540e4740b04fa32541356099','2d90cfe4ca4648a193b05de645f5ae54'),('787122b60e494c77aff51051cf2008bc','2147a930090546c1ad9d4ef98330e97c','9250f76e502e4c99985520c06f5378fc','ac88ceb386aa4231b09bf472cb937c24'),('7c1ff96c21c842ae94c715d689fe13e9','92f6022bbe6743ef90d8b30718de2c81','9250f76e502e4c99985520c06f5378fc','ac88ceb386aa4231b09bf472cb937c24'),('8685954fed9843bb9443d937197f8c2c','3b4a70f71c794ee894f11d5c15cf296f','fe3f79bcf2c540559156275cd801843b','ac88ceb386aa4231b09bf472cb937c24'),('8a64ecf149da4546b339bdacff977541','a4da7641babe4436830a83812b6febca','fe3f79bcf2c540559156275cd801843b','ac88ceb386aa4231b09bf472cb937c24'),('c76f2c1d30d647b58b6ce30d314dce69','b0786af38a5944e687840963c853dfa4','fe3f79bcf2c540559156275cd801843b','ac88ceb386aa4231b09bf472cb937c24'),('d2ead90dbff449db979bf454cb99b6c1','a1a2cb17b4f24e50bbde2f1b8a233bcb','d583e7de6d2d48b78fb3c7dcb180cb1f','ac88ceb386aa4231b09bf472cb937c24'),('d66866dd63a646998524f2b39043eb3e','661a50504b554fcdad578518b82ff623','ef46a308050a48f8bf7f68e6159c97d3','ac88ceb386aa4231b09bf472cb937c24'),('e4ca8edeecdf4ff5a5ea34f6da750613','c6d7a4de605b4f928b34411bc677a522','ef46a308050a48f8bf7f68e6159c97d3','ac88ceb386aa4231b09bf472cb937c24'),('f3215704aeef45e9a2410f94dcf3955c','a035e8755fc54617b80c24bea3cdc630','ef46a308050a48f8bf7f68e6159c97d3','ac88ceb386aa4231b09bf472cb937c24');

/*Table structure for table `base_element` */

DROP TABLE IF EXISTS `base_element`;

CREATE TABLE `base_element` (
  `id` varchar(36) NOT NULL,
  `code` varchar(255) DEFAULT NULL COMMENT '资源编码',
  `type` varchar(255) DEFAULT NULL COMMENT '资源类型',
  `name` varchar(255) DEFAULT NULL COMMENT '资源名称',
  `uri` varchar(255) DEFAULT NULL COMMENT '资源路径',
  `menu_id` varchar(255) DEFAULT NULL COMMENT '资源关联菜单',
  `parent_id` varchar(255) DEFAULT NULL,
  `path` varchar(2000) DEFAULT NULL COMMENT '资源树状检索路径',
  `method` varchar(10) DEFAULT NULL COMMENT '资源请求类型',
  `description` varchar(255) DEFAULT NULL COMMENT '描述',
  `crt_time` datetime DEFAULT NULL,
  `crt_user` varchar(255) DEFAULT NULL,
  `crt_name` varchar(255) DEFAULT NULL,
  `crt_host` varchar(255) DEFAULT NULL,
  `attr1` varchar(255) DEFAULT NULL,
  `attr2` varchar(255) DEFAULT NULL,
  `attr3` varchar(255) DEFAULT NULL,
  `attr4` varchar(255) DEFAULT NULL,
  `attr5` varchar(255) DEFAULT NULL,
  `attr6` varchar(255) DEFAULT NULL,
  `attr7` varchar(255) DEFAULT NULL,
  `attr8` varchar(255) DEFAULT NULL,
  `tenant_id` varchar(36) DEFAULT NULL COMMENT '租户Id',
  PRIMARY KEY (`id`) USING BTREE
) ENGINE=InnoDB DEFAULT CHARSET=utf8mb4 ROW_FORMAT=DYNAMIC;

/*Data for the table `base_element` */

insert  into `base_element`(`id`,`code`,`type`,`name`,`uri`,`menu_id`,`parent_id`,`path`,`method`,`description`,`crt_time`,`crt_user`,`crt_name`,`crt_host`,`attr1`,`attr2`,`attr3`,`attr4`,`attr5`,`attr6`,`attr7`,`attr8`,`tenant_id`) values ('08dc03232c0f4d82a9a9f05b2dae7399','eventTypeManager:btn_edit','button','修改','/cgp/eventType/update/{*}','a50830c70b9b40d1ac7a9c6709ceac84',NULL,NULL,'PUT',NULL,'2018-07-20 09:51:43','1','管理员',NULL,NULL,NULL,NULL,NULL,NULL,NULL,NULL,NULL,'ac88ceb386aa4231b09bf472cb937c24'),('0f6064b57c7e4d9fb0e79c7d82c9f421','deptBiztypeManager:btn_edit','button','修改','/api/cgp/deptBiztype/update/{*}','be4dcc355b08426e8d58f311e5e23a50',NULL,NULL,'PUT',NULL,'2018-07-25 10:15:52','1','管理员',NULL,NULL,NULL,NULL,NULL,NULL,NULL,NULL,NULL,'ac88ceb386aa4231b09bf472cb937c24'),('10','menuManager:btn_add','button','新增','/admin/menu','6',NULL,NULL,'POST','',NULL,NULL,NULL,NULL,NULL,NULL,NULL,NULL,NULL,NULL,NULL,NULL,NULL),('103593127199487794f9fd8fd573db5f','positionManager:btn_depart','button','授权部门权限','/admin/position/{*}/depart','b5211cc69d234b28a97f27e63edc9a58',NULL,NULL,'PUT',NULL,'2018-02-11 12:44:45','1','Mr.AG',NULL,NULL,NULL,NULL,NULL,NULL,NULL,NULL,NULL,NULL),('11','menuManager:btn_edit','button','编辑','/admin/menu/{*}','6','','','PUT','','2017-06-24 00:00:00','','','','','','','','','','','',NULL),('12','menuManager:btn_del','button','删除','/admin/menu/{*}','6','','','DELETE','','2017-06-24 00:00:00','','','','','','','','','','','',NULL),('13','menuManager:btn_element_add','button','新增元素','/admin/element','6',NULL,NULL,'POST','',NULL,NULL,NULL,NULL,NULL,NULL,NULL,NULL,NULL,NULL,NULL,NULL,NULL),('14','menuManager:btn_element_edit','button','编辑元素','/admin/element/{*}','6',NULL,NULL,'PUT','',NULL,NULL,NULL,NULL,NULL,NULL,NULL,NULL,NULL,NULL,NULL,NULL,NULL),('15','menuManager:btn_element_del','button','删除元素','/admin/element/{*}','6',NULL,NULL,'DELETE','',NULL,NULL,NULL,NULL,NULL,NULL,NULL,NULL,NULL,NULL,NULL,NULL,NULL),('16','groupManager:btn_add','button','新增','/admin/group','7',NULL,NULL,'POST','',NULL,NULL,NULL,NULL,NULL,NULL,NULL,NULL,NULL,NULL,NULL,NULL,NULL),('17','groupManager:btn_edit','button','编辑','/admin/group/{*}','7',NULL,NULL,'PUT','',NULL,NULL,NULL,NULL,NULL,NULL,NULL,NULL,NULL,NULL,NULL,NULL,NULL),('18','groupManager:btn_del','button','删除','/admin/group/{*}','7',NULL,NULL,'DELETE','',NULL,NULL,NULL,NULL,NULL,NULL,NULL,NULL,NULL,NULL,NULL,NULL,NULL),('18a3e90ffbb04d909aa7d5ed03c6aad7','enforceTerminalManager:btn_edit','button','修改','/cgp/enforceTerminal/update/{*}','b1e88f3244ce4e059eb8cb332a2c2670',NULL,NULL,'PUT',NULL,'2018-07-20 10:53:17','1','管理员',NULL,NULL,NULL,NULL,NULL,NULL,NULL,NULL,NULL,'ac88ceb386aa4231b09bf472cb937c24'),('19','groupManager:btn_userManager','button','分配用户','/admin/group/{*}/user','7',NULL,NULL,'PUT','',NULL,NULL,NULL,NULL,NULL,NULL,NULL,NULL,NULL,NULL,NULL,NULL,NULL),('20','groupManager:btn_resourceManager','button','分配权限','/admin/group/{*}/authority','7',NULL,NULL,'GET','',NULL,NULL,NULL,NULL,NULL,NULL,NULL,NULL,NULL,NULL,NULL,NULL,NULL),('21','groupManager:menu','uri','分配菜单','/admin/group/{*}/authority/menu','7',NULL,NULL,'POST','',NULL,NULL,NULL,NULL,NULL,NULL,NULL,NULL,NULL,NULL,NULL,NULL,NULL),('21b3fe683a6040ed8c57423e55cd94a2','groupManager:authorize_menu','button','菜单下发','/admin/group/{*}/authorize/menu','7',NULL,NULL,'POST',NULL,'2018-02-12 14:54:57','1','Mr.AG',NULL,NULL,NULL,NULL,NULL,NULL,NULL,NULL,NULL,'ac88ceb386aa4231b09bf472cb937c24'),('22','groupManager:element','uri','分配资源','/admin/group/{*}/authority/element','7',NULL,NULL,'POST','',NULL,NULL,NULL,NULL,NULL,NULL,NULL,NULL,NULL,NULL,NULL,NULL,NULL),('23','userManager:view','uri','查看','/admin/user/{*}','1','','','GET','','2017-06-26 00:00:00','','','','','','','','','','','',NULL),('24','menuManager:view','uri','查看','/admin/menu/{*}','6','','','GET','','2017-06-26 00:00:00','','','','','','','','','','','',NULL),('24ecd755a1ea4cf6b76c8b72ea1858fe','tenantManager:btn_user','button','授予用户','/admin/tenant/user','7574b969c9fa4e5895d6cc9c2b8a9a62',NULL,NULL,'POST',NULL,'2018-02-12 21:05:48','1','Mr.AG',NULL,NULL,NULL,NULL,NULL,NULL,NULL,NULL,NULL,'ac88ceb386aa4231b09bf472cb937c24'),('27','menuManager:element_view','uri','查看','/admin/element/{*}','6',NULL,NULL,'GET',NULL,NULL,NULL,NULL,NULL,NULL,NULL,NULL,NULL,NULL,NULL,NULL,NULL,NULL),('28','groupManager:view','uri','查看','/admin/group/{*}','7',NULL,NULL,'GET',NULL,NULL,NULL,NULL,NULL,NULL,NULL,NULL,NULL,NULL,NULL,NULL,NULL,NULL),('2b7b250b2b7346759938a05da57d2fcb','tenantManager:view','uri','查看租户','/admin/tenant/{*}','7574b969c9fa4e5895d6cc9c2b8a9a62',NULL,NULL,'GET',NULL,'2018-02-09 12:26:27','1','Mr.AG',NULL,NULL,NULL,NULL,NULL,NULL,NULL,NULL,NULL,NULL),('3','userManager:btn_add','button','新增','/admin/user','1',NULL,NULL,'POST','',NULL,NULL,NULL,NULL,NULL,NULL,NULL,NULL,NULL,NULL,NULL,NULL,NULL),('32','groupTypeManager:view','uri','查看','/admin/groupType/{*}','8',NULL,NULL,'GET','',NULL,NULL,NULL,NULL,NULL,NULL,NULL,NULL,NULL,NULL,NULL,NULL,NULL),('33','groupTypeManager:btn_add','button','新增','/admin/groupType','8',NULL,NULL,'POST',NULL,NULL,NULL,NULL,NULL,NULL,NULL,NULL,NULL,NULL,NULL,NULL,NULL,NULL),('34','groupTypeManager:btn_edit','button','编辑','/admin/groupType/{*}','8',NULL,NULL,'PUT',NULL,NULL,NULL,NULL,NULL,NULL,NULL,NULL,NULL,NULL,NULL,NULL,NULL,NULL),('35','groupTypeManager:btn_del','button','删除','/admin/groupType/{*}','8',NULL,NULL,'DELETE',NULL,NULL,NULL,NULL,NULL,NULL,NULL,NULL,NULL,NULL,NULL,NULL,NULL,NULL),('375b04fe927c44e88593d02670acd90f','groupManager:btn_authorizeManager','button','权限下发','/admin/group/{*}/authorize','7',NULL,NULL,'GET',NULL,'2018-02-12 14:52:55','1','Mr.AG',NULL,NULL,NULL,NULL,NULL,NULL,NULL,NULL,NULL,'ac88ceb386aa4231b09bf472cb937c24'),('39925b8263664c9e923f9c34f9bc2a37','positionManager:btn_user','button','分配岗位人员','/admin/position/{*}/user','b5211cc69d234b28a97f27e63edc9a58',NULL,NULL,'PUT',NULL,'2018-02-10 16:49:57','1','Mr.AG',NULL,NULL,NULL,NULL,NULL,NULL,NULL,NULL,NULL,NULL),('4','userManager:btn_edit','button','编辑','/admin/user/{*}','1',NULL,NULL,'PUT','',NULL,NULL,NULL,NULL,NULL,NULL,NULL,NULL,NULL,NULL,NULL,NULL,NULL),('41','gateLogManager:view','button','查看','/admin/gateLog/{*}','27',NULL,NULL,'GET','','2017-07-01 00:00:00','1','admin','0:0:0:0:0:0:0:1',NULL,NULL,NULL,NULL,NULL,NULL,NULL,NULL,NULL),('415eac050ab64fc3b41b11e43645f3b5','oauthClientDetailsManager:btn_view','uri','查看客户端','/auth/oauthClientDetails/{*}','68ee45b69c0f41cb9d6a5c33d46fb8a6',NULL,NULL,'GET',NULL,'2018-03-28 20:20:48','1','Mr.AG',NULL,NULL,NULL,NULL,NULL,NULL,NULL,NULL,NULL,'ac88ceb386aa4231b09bf472cb937c24'),('42','serviceManager:view','uri','查看','/auth/service/{*}','30',NULL,NULL,'GET',NULL,'2017-12-26 20:17:42','1','Mr.AG','127.0.0.1',NULL,NULL,NULL,NULL,NULL,NULL,NULL,NULL,NULL),('43','serviceManager:btn_add','button','新增','/auth/service','30',NULL,NULL,'POST',NULL,NULL,NULL,NULL,NULL,NULL,NULL,NULL,NULL,NULL,NULL,NULL,NULL,NULL),('44','serviceManager:btn_edit','button','编辑','/auth/service/{*}','30',NULL,NULL,'PUT',NULL,NULL,NULL,NULL,NULL,NULL,NULL,NULL,NULL,NULL,NULL,NULL,NULL,NULL),('4426c01774744cfa889eb2305e5abf0a','deptBiztypeManager:btn_add','button','新增','/api/cgp/deptBiztype/add','be4dcc355b08426e8d58f311e5e23a50',NULL,NULL,'POST',NULL,'2018-07-25 10:14:01','1','管理员',NULL,NULL,NULL,NULL,NULL,NULL,NULL,NULL,NULL,'ac88ceb386aa4231b09bf472cb937c24'),('45','serviceManager:btn_del','button','删除','/auth/service/{*}','30',NULL,NULL,'DELETE',NULL,NULL,NULL,NULL,NULL,NULL,NULL,NULL,NULL,NULL,NULL,NULL,NULL,NULL),('46','serviceManager:btn_clientManager','button','授权服务','/auth/service/{*}/client','30',NULL,NULL,'POST',NULL,'2017-12-30 16:32:48','1','Mr.AG','127.0.0.1',NULL,NULL,NULL,NULL,NULL,NULL,NULL,NULL,NULL),('47','serviceManager:btn_buidlProject','button','构建工程','/auth/generator/build','30',NULL,NULL,NULL,NULL,NULL,NULL,NULL,NULL,NULL,NULL,NULL,NULL,NULL,NULL,NULL,NULL,NULL),('48','dictTypeManager:view','uri','查看字典目录','/dict/dictType/{*}','21',NULL,NULL,'GET',NULL,'2017-12-26 20:17:42','1','Mr.AG','127.0.0.1',NULL,NULL,NULL,NULL,NULL,NULL,NULL,NULL,NULL),('49','dictTypeManager:btn_add','button','新增字典目录','/dict/dictType','21',NULL,NULL,'POST',NULL,NULL,NULL,NULL,NULL,NULL,NULL,NULL,NULL,NULL,NULL,NULL,NULL,NULL),('4ee4f57a2d92494abe2595bff4f32057','groupManager:authorize_element','button','资源下发','/admin/group/{*}/authorize/element','7',NULL,NULL,'POST',NULL,'2018-02-12 14:55:30','1','Mr.AG',NULL,NULL,NULL,NULL,NULL,NULL,NULL,NULL,NULL,'ac88ceb386aa4231b09bf472cb937c24'),('5','userManager:btn_del','button','删除','/admin/user','1',NULL,NULL,'DELETE','',NULL,NULL,NULL,NULL,NULL,NULL,NULL,NULL,NULL,NULL,NULL,NULL,NULL),('50','dictTypeManager:btn_edit','button','编辑字典目录','/dict/dictType/{*}','21',NULL,NULL,'PUT',NULL,NULL,NULL,NULL,NULL,NULL,NULL,NULL,NULL,NULL,NULL,NULL,NULL,NULL),('51','dictTypeManager:btn_del','button','删除字典目录','/dict/dictType/{*}','21',NULL,NULL,'DELETE',NULL,NULL,NULL,NULL,NULL,NULL,NULL,NULL,NULL,NULL,NULL,NULL,NULL,NULL),('52','dictValueManager:view','uri','查看字典值','/dict/dictValue/{*}','21',NULL,NULL,'GET',NULL,'2017-12-26 20:17:42','1','Mr.AG','127.0.0.1',NULL,NULL,NULL,NULL,NULL,NULL,NULL,NULL,NULL),('53','dictValueManager:btn_add','button','新增字典值','/dict/dictValue','21',NULL,NULL,'POST',NULL,NULL,NULL,NULL,NULL,NULL,NULL,NULL,NULL,NULL,NULL,NULL,NULL,NULL),('54','dictValueManager:btn_edit','button','编辑字典值','/dict/dictValue/{*}','21',NULL,NULL,'PUT',NULL,NULL,NULL,NULL,NULL,NULL,NULL,NULL,NULL,NULL,NULL,NULL,NULL,NULL),('55','dictValueManager:btn_del','button','删除字典值','/dict/dictValue/{*}','21',NULL,NULL,'DELETE',NULL,NULL,NULL,NULL,NULL,NULL,NULL,NULL,NULL,NULL,NULL,NULL,NULL,NULL),('56','departManager:view','uri','查看部门值','/admin/depart/{*}','b5211cc69d234b28a97f27e63edc9a58',NULL,NULL,'GET',NULL,'2017-12-26 20:17:42','1','Mr.AG','127.0.0.1',NULL,NULL,NULL,NULL,NULL,NULL,NULL,NULL,NULL),('56a127e7f8d14d7bb6172dd0d4bfa621','vhclManagementManager:btn_del','button','删除','/cgp/vhclManagement/{*}','1fbe742445ec42cf8ce3614c5921315a',NULL,NULL,'DELETE',NULL,'2018-07-19 11:34:20','1','管理员',NULL,NULL,NULL,NULL,NULL,NULL,NULL,NULL,NULL,'ac88ceb386aa4231b09bf472cb937c24'),('57','departManager:btn_add','button','新增部门值','/admin/depart','b5211cc69d234b28a97f27e63edc9a58',NULL,NULL,'POST',NULL,NULL,NULL,NULL,NULL,NULL,NULL,NULL,NULL,NULL,NULL,NULL,NULL,NULL),('58','departManager:btn_edit','button','编辑部门值','/admin/depart/{*}','b5211cc69d234b28a97f27e63edc9a58',NULL,NULL,'PUT',NULL,NULL,NULL,NULL,NULL,NULL,NULL,NULL,NULL,NULL,NULL,NULL,NULL,NULL),('59','departManager:btn_del','button','删除部门值','/admin/depart/{*}','b5211cc69d234b28a97f27e63edc9a58',NULL,NULL,'DELETE',NULL,NULL,NULL,NULL,NULL,NULL,NULL,NULL,NULL,NULL,NULL,NULL,NULL,NULL),('6c088b72f92c46f9b693ffab880b83ae','vhclManagementManager:btn_edit','button','修改','/cgp/vhclManagement/update/{*}','1fbe742445ec42cf8ce3614c5921315a',NULL,NULL,'PUT',NULL,'2018-07-19 15:32:32','1','管理员',NULL,NULL,NULL,NULL,NULL,NULL,NULL,NULL,NULL,'ac88ceb386aa4231b09bf472cb937c24'),('6d7ea83bb71d476dbfbda2bcbc1a01bd','positionManager:btn_del','button','删除岗位','/admin/position/{*}','b5211cc69d234b28a97f27e63edc9a58',NULL,NULL,'DELETE',NULL,'2018-02-10 16:47:45','1','Mr.AG',NULL,NULL,NULL,NULL,NULL,NULL,NULL,NULL,NULL,NULL),('73db20cb63e6439f80b2f992e64f545d','gatewayRouteManager:btn_edit','button','编辑路由','/auth/gatewayRoute/{*}','68ee45b69c0f41cb9d6a5c33d46fb7a6',NULL,NULL,'PUT',NULL,'2018-02-25 13:46:18','1','Mr.AG',NULL,NULL,NULL,NULL,NULL,NULL,NULL,NULL,NULL,'ac88ceb386aa4231b09bf472cb937c24'),('76797ac67e9a4b6ba9177d26a603ffb0','oauthClientDetailsManager:btn_add','button','新增客户端','/auth/oauthClientDetails','68ee45b69c0f41cb9d6a5c33d46fb8a6',NULL,NULL,'POST',NULL,'2018-03-28 20:20:22','1','Mr.AG',NULL,NULL,NULL,NULL,NULL,NULL,NULL,NULL,NULL,'ac88ceb386aa4231b09bf472cb937c24'),('7a16202657c3478c8b4ece27a792e026','positionManager:btn_group','button','分配岗位角色','/admin/position/{*}/group','b5211cc69d234b28a97f27e63edc9a58',NULL,NULL,'PUT',NULL,'2018-02-10 16:51:31','1','Mr.AG',NULL,NULL,NULL,NULL,NULL,NULL,NULL,NULL,NULL,NULL),('8b5ff030c76341059a335e0653fef5ea','departManager:btn_user_del','button','删除部门人员','/admin/depart/user','b5211cc69d234b28a97f27e63edc9a58',NULL,NULL,'DELETE',NULL,'2018-02-10 16:45:10','1','Mr.AG',NULL,NULL,NULL,NULL,NULL,NULL,NULL,NULL,NULL,NULL),('9','menuManager:element','uri','按钮页面','/admin/element/{*}','6',NULL,NULL,'GET','',NULL,NULL,NULL,NULL,NULL,NULL,NULL,NULL,NULL,NULL,NULL,NULL,NULL),('9275c77191e342f796100409f4c28037','vhclManagementManager:btn_add','button','新增','/cgp/vhclManagement/add','1fbe742445ec42cf8ce3614c5921315a',NULL,NULL,'POST',NULL,'2018-07-19 15:31:20','1','管理员',NULL,NULL,NULL,NULL,NULL,NULL,NULL,NULL,NULL,'ac88ceb386aa4231b09bf472cb937c24'),('a03cac538f794958bc7fa6458f85b8ae','tenantManager:btn_del','uri','删除租户','/admin/tenant/{*}','7574b969c9fa4e5895d6cc9c2b8a9a62',NULL,NULL,'DELETE',NULL,'2018-02-09 12:28:42','1','Mr.AG',NULL,NULL,NULL,NULL,NULL,NULL,NULL,NULL,NULL,NULL),('af44e799b90240d1a4f51a36ae3995d1','oauthClientDetailsManager:btn_edit','button','编辑客户端','/auth/oauthClientDetails/{*}','68ee45b69c0f41cb9d6a5c33d46fb8a6',NULL,NULL,'PUT',NULL,'2018-03-28 20:19:08','1','Mr.AG',NULL,NULL,NULL,NULL,NULL,NULL,NULL,NULL,NULL,'ac88ceb386aa4231b09bf472cb937c24'),('b403e033fb1e4206aecb09dcf80c6b04','enforceTerminalManager:btn_del','button','删除','/cgp/enforceTerminal/{*}','b1e88f3244ce4e059eb8cb332a2c2670',NULL,NULL,'DELETE',NULL,'2018-07-20 10:52:30','1','管理员',NULL,NULL,NULL,NULL,NULL,NULL,NULL,NULL,NULL,'ac88ceb386aa4231b09bf472cb937c24'),('b8a535e608cd427e9bd1fc936f3a1cf9','deptBiztypeManager:btn_del','button','删除','/api/cgp/deptBiztype/{*}','be4dcc355b08426e8d58f311e5e23a50',NULL,NULL,'DELETE',NULL,'2018-07-25 10:15:13','1','管理员',NULL,NULL,NULL,NULL,NULL,NULL,NULL,NULL,NULL,'ac88ceb386aa4231b09bf472cb937c24'),('c6469be83d8e4d5ca404b46b347f7d4c','positionManager:btn_add','button','新增岗位','/admin/position','b5211cc69d234b28a97f27e63edc9a58',NULL,NULL,'POST',NULL,'2018-02-10 16:47:23','1','Mr.AG',NULL,NULL,NULL,NULL,NULL,NULL,NULL,NULL,NULL,NULL),('c77d8becf6284b128007007d55cddcc0','eventTypeManager:btn_del','button','删除','/cgp/eventType/{*}','a50830c70b9b40d1ac7a9c6709ceac84',NULL,NULL,'DELETE',NULL,'2018-07-20 09:50:39','1','管理员',NULL,NULL,NULL,NULL,NULL,NULL,NULL,NULL,NULL,'ac88ceb386aa4231b09bf472cb937c24'),('cac49646909c4750b23f223f53eafc5b','positionManager:btn_edit','button','编辑岗位','/admin/posision/{*}','b5211cc69d234b28a97f27e63edc9a58',NULL,NULL,'PUT',NULL,'2018-02-10 16:48:24','1','Mr.AG',NULL,NULL,NULL,NULL,NULL,NULL,NULL,NULL,NULL,NULL),('cdf65eea98fa4679bd3f1041d5c06d68','gatewayRouteManager:view','uri','查看路由','/auth/gatewayRoute/{*}','68ee45b69c0f41cb9d6a5c33d46fb7a6',NULL,NULL,'GET',NULL,'2018-02-25 13:42:23','1','Mr.AG',NULL,NULL,NULL,NULL,NULL,NULL,NULL,NULL,NULL,'ac88ceb386aa4231b09bf472cb937c24'),('d26625c13796423c8353176197cd7f0d','gatewayRouteManager:btn_del','uri','禁用路由','/auth/gatewayRoute/{*}','68ee45b69c0f41cb9d6a5c33d46fb7a6',NULL,NULL,'DELETE',NULL,'2018-02-25 13:47:19','1','Mr.AG',NULL,NULL,NULL,NULL,NULL,NULL,NULL,NULL,NULL,'ac88ceb386aa4231b09bf472cb937c24'),('d2773b3568c6438c8f9cc21b06b660ee','departManager:btn_user_add','button','新增部门人员','/admin/depart/user','b5211cc69d234b28a97f27e63edc9a58',NULL,NULL,'POST',NULL,'2018-02-10 16:44:07','1','Mr.AG',NULL,NULL,NULL,NULL,NULL,NULL,NULL,NULL,NULL,NULL),('d6b714eff47a42d0a654e55c39304dd5','tenantManager:btn_edit','button','编辑租户','/admin/tenant/{*}','7574b969c9fa4e5895d6cc9c2b8a9a62',NULL,NULL,'PUT',NULL,'2018-02-09 12:29:26','1','Mr.AG',NULL,NULL,NULL,NULL,NULL,NULL,NULL,NULL,NULL,NULL),('e18f6f0dde564e62ba91de1657595ddc','oauthClientDetailsManager:btn_del','button','删除客户端','/auth/oauthClientDetails/{*}','68ee45b69c0f41cb9d6a5c33d46fb8a6',NULL,NULL,'DELETE',NULL,'2018-03-28 20:19:55','1','Mr.AG',NULL,NULL,NULL,NULL,NULL,NULL,NULL,NULL,NULL,'ac88ceb386aa4231b09bf472cb937c24'),('e7e798d8f7354086bc76f264b80f7c89','enforceTerminalManager:btn_add','button','新增','/cgp/enforceTerminal/add','b1e88f3244ce4e059eb8cb332a2c2670',NULL,NULL,'POST',NULL,'2018-07-20 10:51:34','1','管理员',NULL,NULL,NULL,NULL,NULL,NULL,NULL,NULL,NULL,'ac88ceb386aa4231b09bf472cb937c24'),('eb4ffa3a8bf448028d8c06a83640b3ab','eventTypeManager:btn_add','button','新增','/cgp/eventType/add','a50830c70b9b40d1ac7a9c6709ceac84',NULL,NULL,'POST',NULL,'2018-07-20 09:49:43','1','管理员',NULL,NULL,NULL,NULL,NULL,NULL,NULL,NULL,NULL,'ac88ceb386aa4231b09bf472cb937c24'),('eddad1f3d2d54ba0ac50e8c4781764cb','tenantManager:btn_add','button','新增租户','/admin/tenant','7574b969c9fa4e5895d6cc9c2b8a9a62',NULL,NULL,'POST',NULL,'2018-02-09 12:27:11','1','Mr.AG',NULL,NULL,NULL,NULL,NULL,NULL,NULL,NULL,NULL,NULL),('ef73cc9bf70d448caf72e3f45015700a','positionManager:view','uri','查看岗位','/admin/depart/{*}','b5211cc69d234b28a97f27e63edc9a58',NULL,NULL,'GET',NULL,'2018-02-10 16:48:49','1','Mr.AG',NULL,NULL,NULL,NULL,NULL,NULL,NULL,NULL,NULL,NULL),('f7b1d97edd98407aab36a01d290683ee','gatewayRouteManager:btn_add','button','新建路由','/auth/gatewayRoute','68ee45b69c0f41cb9d6a5c33d46fb7a6',NULL,NULL,'POST',NULL,'2018-02-25 13:43:16','1','Mr.AG',NULL,NULL,NULL,NULL,NULL,NULL,NULL,NULL,NULL,'ac88ceb386aa4231b09bf472cb937c24');

/*Table structure for table `base_group` */

DROP TABLE IF EXISTS `base_group`;

CREATE TABLE `base_group` (
  `id` varchar(36) NOT NULL,
  `code` varchar(255) DEFAULT NULL COMMENT '角色编码',
  `name` varchar(255) DEFAULT NULL COMMENT '角色名称',
  `parent_id` varchar(36) NOT NULL COMMENT '上级节点',
  `path` varchar(2000) DEFAULT NULL COMMENT '树状关系',
  `type` char(1) DEFAULT NULL COMMENT '类型',
  `group_type` varchar(36) NOT NULL COMMENT '角色组类型',
  `description` varchar(255) DEFAULT NULL,
  `crt_time` datetime DEFAULT NULL,
  `crt_user_id` varchar(255) DEFAULT NULL,
  `crt_user_name` varchar(255) DEFAULT NULL,
  `upd_time` datetime DEFAULT NULL,
  `upd_user_id` varchar(255) DEFAULT NULL,
  `upd_user_name` varchar(255) DEFAULT NULL,
  `attr1` varchar(255) DEFAULT NULL,
  `attr2` varchar(255) DEFAULT NULL,
  `attr3` varchar(255) DEFAULT NULL,
  `attr4` varchar(255) DEFAULT NULL,
  `attr5` varchar(255) DEFAULT NULL,
  `attr6` varchar(255) DEFAULT NULL,
  `attr7` varchar(255) DEFAULT NULL,
  `attr8` varchar(255) DEFAULT NULL,
  `tenant_id` varchar(36) DEFAULT NULL COMMENT '租户Id',
  PRIMARY KEY (`id`) USING BTREE
) ENGINE=InnoDB DEFAULT CHARSET=utf8mb4 ROW_FORMAT=DYNAMIC;

/*Data for the table `base_group` */

insert  into `base_group`(`id`,`code`,`name`,`parent_id`,`path`,`type`,`group_type`,`description`,`crt_time`,`crt_user_id`,`crt_user_name`,`upd_time`,`upd_user_id`,`upd_user_name`,`attr1`,`attr2`,`attr3`,`attr4`,`attr5`,`attr6`,`attr7`,`attr8`,`tenant_id`) values ('12af673457474b8f9f90eaffce28185c','compreManage','综合治理','-1','/compreManage',NULL,'role','综合治理租户','2018-07-11 11:24:43','1','管理员','2018-07-11 11:24:43','1','管理员',NULL,NULL,NULL,NULL,NULL,NULL,NULL,NULL,'ac88ceb386aa4231b09bf472cb937c24'),('258651cfd4ca41cbaa70d1b233659b5c','commonAdmin','普通租户管理员','-1','/commonAdmin',NULL,'role','普通租户管理员','2018-02-12 23:20:54','1','Mr.AG','2018-02-12 23:20:54','1','Mr.AG',NULL,NULL,NULL,NULL,NULL,NULL,NULL,NULL,'ac88ceb386aa4231b09bf472cb937c24'),('268fd8c30e654ce49a463cd56da4487a','compreLawEnforce','综合执法','-1','/compreLawEnforce',NULL,'role','综合执法租户','2018-07-11 11:23:15','1','管理员','2018-07-11 11:26:10','1','管理员',NULL,NULL,NULL,NULL,NULL,NULL,NULL,NULL,'ac88ceb386aa4231b09bf472cb937c24'),('366af0a7fd79453fbe54c0d24917ec4b','dongshiz','董事长','-1','/dongshiz',NULL,'org',NULL,'2018-02-13 00:04:27','a1a2cb17b4f24e50bbde2f1b8a233bcb','测试租户','2018-02-13 00:04:27','a1a2cb17b4f24e50bbde2f1b8a233bcb','测试租户',NULL,NULL,NULL,NULL,NULL,NULL,NULL,NULL,'1ec08564dcc344018d6aaa910068f0f0'),('641645b3143f4c5b9dab15aff52bc53f','sifayonghu','司法鉴定用户组','-1','/sifayonghu',NULL,'role','司法演示','2018-06-16 14:44:57','1','管理员','2018-06-16 14:44:57','1','管理员',NULL,NULL,NULL,NULL,NULL,NULL,NULL,NULL,'ac88ceb386aa4231b09bf472cb937c24');

/*Table structure for table `base_group_leader` */

DROP TABLE IF EXISTS `base_group_leader`;

CREATE TABLE `base_group_leader` (
  `id` varchar(36) NOT NULL,
  `group_id` varchar(255) DEFAULT NULL,
  `user_id` varchar(255) DEFAULT NULL,
  `description` varchar(255) DEFAULT NULL,
  `crt_time` datetime DEFAULT NULL,
  `crt_user` varchar(255) DEFAULT NULL,
  `crt_name` varchar(255) DEFAULT NULL,
  `crt_host` varchar(255) DEFAULT NULL,
  `upd_time` datetime DEFAULT NULL,
  `upd_user` varchar(255) DEFAULT NULL,
  `upd_name` varchar(255) DEFAULT NULL,
  `upd_host` varchar(255) DEFAULT NULL,
  `attr1` varchar(255) DEFAULT NULL,
  `attr2` varchar(255) DEFAULT NULL,
  `attr3` varchar(255) DEFAULT NULL,
  `attr4` varchar(255) DEFAULT NULL,
  `attr5` varchar(255) DEFAULT NULL,
  `attr6` varchar(255) DEFAULT NULL,
  `attr7` varchar(255) DEFAULT NULL,
  `attr8` varchar(255) DEFAULT NULL,
  `tenant_id` varchar(36) DEFAULT NULL COMMENT '租户Id',
  PRIMARY KEY (`id`) USING BTREE
) ENGINE=InnoDB DEFAULT CHARSET=utf8mb4 ROW_FORMAT=DYNAMIC;

/*Data for the table `base_group_leader` */

insert  into `base_group_leader`(`id`,`group_id`,`user_id`,`description`,`crt_time`,`crt_user`,`crt_name`,`crt_host`,`upd_time`,`upd_user`,`upd_name`,`upd_host`,`attr1`,`attr2`,`attr3`,`attr4`,`attr5`,`attr6`,`attr7`,`attr8`,`tenant_id`) values ('209d8c2623c74712913d6c482e8c9174','268fd8c30e654ce49a463cd56da4487a','2147a930090546c1ad9d4ef98330e97c',NULL,NULL,NULL,NULL,NULL,NULL,NULL,NULL,NULL,NULL,NULL,NULL,NULL,NULL,NULL,NULL,NULL,'ac88ceb386aa4231b09bf472cb937c24'),('44761d750e3747cc8403776b1b7d77e5','641645b3143f4c5b9dab15aff52bc53f','a035e8755fc54617b80c24bea3cdc630',NULL,NULL,NULL,NULL,NULL,NULL,NULL,NULL,NULL,NULL,NULL,NULL,NULL,NULL,NULL,NULL,NULL,'ac88ceb386aa4231b09bf472cb937c24'),('e8a90d5234ff4450a76f1f3b1f06dfea','12af673457474b8f9f90eaffce28185c','b0786af38a5944e687840963c853dfa4',NULL,NULL,NULL,NULL,NULL,NULL,NULL,NULL,NULL,NULL,NULL,NULL,NULL,NULL,NULL,NULL,NULL,'ac88ceb386aa4231b09bf472cb937c24');

/*Table structure for table `base_group_member` */

DROP TABLE IF EXISTS `base_group_member`;

CREATE TABLE `base_group_member` (
  `id` varchar(36) NOT NULL,
  `group_id` varchar(255) DEFAULT NULL,
  `user_id` varchar(255) DEFAULT NULL,
  `description` varchar(255) DEFAULT NULL,
  `crt_time` datetime DEFAULT NULL,
  `crt_user` varchar(255) DEFAULT NULL,
  `crt_name` varchar(255) DEFAULT NULL,
  `crt_host` varchar(255) DEFAULT NULL,
  `upd_time` datetime DEFAULT NULL,
  `upd_user` varchar(255) DEFAULT NULL,
  `upd_name` varchar(255) DEFAULT NULL,
  `upd_host` varchar(255) DEFAULT NULL,
  `attr1` varchar(255) DEFAULT NULL,
  `attr2` varchar(255) DEFAULT NULL,
  `attr3` varchar(255) DEFAULT NULL,
  `attr4` varchar(255) DEFAULT NULL,
  `attr5` varchar(255) DEFAULT NULL,
  `attr6` varchar(255) DEFAULT NULL,
  `attr7` varchar(255) DEFAULT NULL,
  `attr8` varchar(255) DEFAULT NULL,
  `tenant_id` varchar(36) DEFAULT NULL COMMENT '租户Id',
  PRIMARY KEY (`id`) USING BTREE
) ENGINE=InnoDB DEFAULT CHARSET=utf8mb4 ROW_FORMAT=DYNAMIC;

/*Data for the table `base_group_member` */

insert  into `base_group_member`(`id`,`group_id`,`user_id`,`description`,`crt_time`,`crt_user`,`crt_name`,`crt_host`,`upd_time`,`upd_user`,`upd_name`,`upd_host`,`attr1`,`attr2`,`attr3`,`attr4`,`attr5`,`attr6`,`attr7`,`attr8`,`tenant_id`) values ('5e537222641c46049284c0b416294a14','641645b3143f4c5b9dab15aff52bc53f','5b29e88e363c41c394ad50cf830f6e0a',NULL,NULL,NULL,NULL,NULL,NULL,NULL,NULL,NULL,NULL,NULL,NULL,NULL,NULL,NULL,NULL,NULL,'ac88ceb386aa4231b09bf472cb937c24'),('e7c955551f3342e8ba057c57cbb62263','12af673457474b8f9f90eaffce28185c','3b4a70f71c794ee894f11d5c15cf296f',NULL,NULL,NULL,NULL,NULL,NULL,NULL,NULL,NULL,NULL,NULL,NULL,NULL,NULL,NULL,NULL,NULL,'ac88ceb386aa4231b09bf472cb937c24');

/*Table structure for table `base_group_type` */

DROP TABLE IF EXISTS `base_group_type`;

CREATE TABLE `base_group_type` (
  `id` varchar(32) NOT NULL,
  `code` varchar(255) DEFAULT NULL COMMENT '编码',
  `name` varchar(255) DEFAULT NULL COMMENT '类型名称',
  `description` varchar(255) DEFAULT NULL COMMENT '描述',
  `crt_time` datetime DEFAULT NULL COMMENT '创建时间',
  `crt_user` varchar(255) DEFAULT NULL COMMENT '创建人ID',
  `crt_name` varchar(255) DEFAULT NULL COMMENT '创建人',
  `crt_host` varchar(255) DEFAULT NULL COMMENT '创建主机',
  `upd_time` datetime DEFAULT NULL COMMENT '最后更新时间',
  `upd_user` varchar(255) DEFAULT NULL COMMENT '最后更新人ID',
  `upd_name` varchar(255) DEFAULT NULL COMMENT '最后更新人',
  `upd_host` varchar(255) DEFAULT NULL COMMENT '最后更新主机',
  `attr1` varchar(255) DEFAULT NULL,
  `attr2` varchar(255) DEFAULT NULL,
  `attr3` varchar(255) DEFAULT NULL,
  `attr4` varchar(255) DEFAULT NULL,
  `attr5` varchar(255) DEFAULT NULL,
  `attr6` varchar(255) DEFAULT NULL,
  `attr7` varchar(255) DEFAULT NULL,
  `attr8` varchar(255) DEFAULT NULL,
  `tenant_id` varchar(36) DEFAULT NULL COMMENT '租户Id',
  PRIMARY KEY (`id`) USING BTREE
) ENGINE=InnoDB DEFAULT CHARSET=utf8mb4 ROW_FORMAT=DYNAMIC;

/*Data for the table `base_group_type` */

insert  into `base_group_type`(`id`,`code`,`name`,`description`,`crt_time`,`crt_user`,`crt_name`,`crt_host`,`upd_time`,`upd_user`,`upd_name`,`upd_host`,`attr1`,`attr2`,`attr3`,`attr4`,`attr5`,`attr6`,`attr7`,`attr8`,`tenant_id`) values ('free','free','自定义类型','sad',NULL,NULL,NULL,NULL,'2018-01-22 12:59:12','1','Mr.AG','127.0.0.1',NULL,NULL,NULL,NULL,NULL,NULL,NULL,NULL,NULL),('org','org','岗位组（不可删）',NULL,NULL,NULL,NULL,NULL,'2017-08-25 17:52:43','1','Mr.AG','127.0.0.1',NULL,NULL,NULL,NULL,NULL,NULL,NULL,NULL,NULL),('role','role','角色组（不可删）','role',NULL,NULL,NULL,NULL,'2017-08-25 17:52:37','1','Mr.AG','127.0.0.1',NULL,NULL,NULL,NULL,NULL,NULL,NULL,NULL,NULL);

/*Table structure for table `base_menu` */

DROP TABLE IF EXISTS `base_menu`;

CREATE TABLE `base_menu` (
  `id` varchar(36) NOT NULL,
  `code` varchar(255) DEFAULT NULL COMMENT '路径编码',
  `title` varchar(255) DEFAULT NULL COMMENT '标题',
  `parent_id` varchar(36) NOT NULL COMMENT '父级节点',
  `href` varchar(255) DEFAULT NULL COMMENT '资源路径',
  `icon` varchar(255) DEFAULT NULL COMMENT '图标',
  `type` char(10) DEFAULT NULL,
  `order_num` int(11) NOT NULL DEFAULT '0' COMMENT '排序',
  `description` varchar(255) DEFAULT NULL COMMENT '描述',
  `path` varchar(500) DEFAULT NULL COMMENT '菜单上下级关系',
  `enabled` char(1) DEFAULT NULL COMMENT '启用禁用',
  `crt_time` datetime DEFAULT NULL,
  `crt_user` varchar(255) DEFAULT NULL,
  `crt_name` varchar(255) DEFAULT NULL,
  `crt_host` varchar(255) DEFAULT NULL,
  `upd_time` datetime DEFAULT NULL,
  `upd_user` varchar(255) DEFAULT NULL,
  `upd_name` varchar(255) DEFAULT NULL,
  `upd_host` varchar(255) DEFAULT NULL,
  `attr1` varchar(255) DEFAULT NULL,
  `attr2` varchar(255) DEFAULT NULL,
  `attr3` varchar(255) DEFAULT NULL,
  `attr4` varchar(255) DEFAULT NULL,
  `attr5` varchar(255) DEFAULT NULL,
  `attr6` varchar(255) DEFAULT NULL,
  `attr7` varchar(255) DEFAULT NULL,
  `attr8` varchar(255) DEFAULT NULL,
  `tenant_id` varchar(36) DEFAULT NULL COMMENT '租户Id',
  PRIMARY KEY (`id`) USING BTREE
) ENGINE=InnoDB DEFAULT CHARSET=utf8mb4 ROW_FORMAT=DYNAMIC;

/*Data for the table `base_menu` */

insert  into `base_menu`(`id`,`code`,`title`,`parent_id`,`href`,`icon`,`type`,`order_num`,`description`,`path`,`enabled`,`crt_time`,`crt_user`,`crt_name`,`crt_host`,`upd_time`,`upd_user`,`upd_name`,`upd_host`,`attr1`,`attr2`,`attr3`,`attr4`,`attr5`,`attr6`,`attr7`,`attr8`,`tenant_id`) values ('04e776ca5c254d299492e79c79f202ea','fileExamStaMgr','各专业案卷审查情况统计','d52c63a0b9994b248dfec5e7e2a187c6',NULL,'org','menu',9,NULL,'/adminSys/statisticAnalysisMgr/fileExamStaMgr',NULL,'2018-06-16 15:45:27','1','管理员',NULL,'2018-06-16 15:45:27','1','管理员',NULL,NULL,NULL,NULL,NULL,NULL,NULL,NULL,NULL,'ac88ceb386aa4231b09bf472cb937c24'),('07a8365e204743159ba624f99e0a2159','analysisCenter','分析中心','13',NULL,'chart','dirt',2,NULL,'/adminSys/analysisCenter',NULL,'2018-07-05 22:00:41','1','管理员',NULL,'2018-07-11 12:36:10','1','管理员',NULL,NULL,NULL,NULL,NULL,NULL,NULL,NULL,NULL,'ac88ceb386aa4231b09bf472cb937c24'),('0a97822a9b1748bdb62de65285cb8aff','errorPercentTrend','问题和错误占比及近期趋势','07a8365e204743159ba624f99e0a2159','','chart','menu',2,NULL,'/adminSys/analysisCenter/null',NULL,'2018-07-08 19:32:05','1','管理员',NULL,'2018-07-11 23:53:58','1','管理员',NULL,NULL,NULL,NULL,NULL,NULL,NULL,NULL,NULL,'ac88ceb386aa4231b09bf472cb937c24'),('0b616b660e5247a491b85bcec9066751','authorityManagement','权力事项清单管理','96fa67eaa0b844dba5c22365b9b655c9','authorityManagement','chart','menu',6,NULL,'/rootNode/dataCenter/authorityManagement',NULL,'2018-07-17 11:48:46','2147a930090546c1ad9d4ef98330e97c','licheng',NULL,'2018-07-17 11:48:46','2147a930090546c1ad9d4ef98330e97c','licheng',NULL,NULL,NULL,NULL,NULL,NULL,NULL,NULL,NULL,'9da5649b2cbb477ab680bd347059bac7'),('0e6053af03554589956610c35d20c673','problemAerrorTrendMgr','问题和错误占比及近期趋势分析','d52c63a0b9994b248dfec5e7e2a187c6',NULL,'org','menu',2,NULL,'/adminSys/statisticAnalysisMgr/problemAerrorTrendMgr',NULL,'2018-06-16 15:34:39','1','管理员',NULL,'2018-06-16 15:34:39','1','管理员',NULL,NULL,NULL,NULL,NULL,NULL,NULL,NULL,NULL,'ac88ceb386aa4231b09bf472cb937c24'),('1','userManager','用户管理','5','/admin/user','user','menu',1,'','/adminSys/baseManager/userManager',NULL,NULL,NULL,NULL,NULL,'2018-07-16 11:02:51','1','管理员','127.0.0.1','_import(\'admin/user/index\')',NULL,NULL,NULL,NULL,NULL,NULL,NULL,NULL),('10da7231bdc14a8fb1d84ceaf7c256e2','checkFileCountTrend',' 每月鉴定文件数量趋势图','07a8365e204743159ba624f99e0a2159',NULL,'chart','menu',5,NULL,'/adminSys/analysisCenter/null',NULL,'2018-07-08 19:40:58','1','管理员',NULL,'2018-07-11 23:54:22','1','管理员',NULL,NULL,NULL,NULL,NULL,NULL,NULL,NULL,NULL,'ac88ceb386aa4231b09bf472cb937c24'),('13','adminSys','技术性证据快速审查协助平台','-1','/base','setting','dirt',0,'','/adminSys',NULL,NULL,NULL,NULL,NULL,'2018-07-05 21:58:47','1','管理员','127.0.0.1','Layout',NULL,NULL,NULL,NULL,NULL,NULL,NULL,NULL),('16518e458bd04250b8c693d52a97471c','reviewCompare','各省审批量对比统计','07a8365e204743159ba624f99e0a2159',NULL,'chart','menu',6,NULL,'/adminSys/analysisCenter/null',NULL,'2018-07-08 19:41:12','1','管理员',NULL,'2018-07-11 23:54:26','1','管理员',NULL,NULL,NULL,NULL,NULL,NULL,NULL,NULL,NULL,'ac88ceb386aa4231b09bf472cb937c24'),('1fb49cc572ae40fea244061d96c3f182','griddingAdmin','网格管理员','42c934253fa14306ad306fea8c0c8c12',NULL,'chart','menu',3,NULL,'/aa/griddingAdmin',NULL,'2018-07-05 13:18:57','1','管理员',NULL,'2018-07-05 13:18:57','1','管理员',NULL,NULL,NULL,NULL,NULL,NULL,NULL,NULL,NULL,'ac88ceb386aa4231b09bf472cb937c24'),('1fbe742445ec42cf8ce3614c5921315a','carManagement','车辆管理','96fa67eaa0b844dba5c22365b9b655c9','carManagement','chart','menu',3,NULL,'/rootNode/dataCenter/carManagement',NULL,'2018-07-17 11:45:10','2147a930090546c1ad9d4ef98330e97c','licheng',NULL,'2018-07-17 11:45:10','2147a930090546c1ad9d4ef98330e97c','licheng',NULL,NULL,NULL,NULL,NULL,NULL,NULL,NULL,NULL,'9da5649b2cbb477ab680bd347059bac7'),('21','dictManager','数据字典','5','','documentation','menu',7,'','/adminSys/baseManager/dictManager',NULL,NULL,NULL,NULL,NULL,'2018-07-16 11:04:47','1','管理员',NULL,NULL,NULL,NULL,NULL,NULL,NULL,NULL,NULL,NULL),('228ee167e2f84ec58d2b4cdcd53ba00a','divisionalManagement','分案管理','dda5528222cf48f4bc220cc3afbe7c95','divisionalManagement','org','menu',0,NULL,'/adminSys/reviewBusinessManager/divisionalManagement',NULL,'2018-07-05 22:05:50','1','管理员',NULL,'2018-07-05 22:09:06','1','管理员',NULL,NULL,NULL,NULL,NULL,NULL,NULL,NULL,NULL,'ac88ceb386aa4231b09bf472cb937c24'),('27','gateLogManager','操作日志','5','/admin/gateLog','log','menu',10,'','/adminSys/baseManager/gateLogManager',NULL,'2017-07-01 00:00:00','1','admin','0:0:0:0:0:0:0:1','2018-07-16 11:04:59','1','管理员','127.0.0.1','_import(\'admin/gateLog/index\')',NULL,NULL,NULL,NULL,NULL,NULL,NULL,NULL),('28d9b290f2a14fd0b9e59fd8d18226e8','tecPeopleMgr','技术人员库管理','aa0f6404033f4e519989c6a897742853',NULL,'people','menu',2,NULL,'/adminSys/workPeopleMgr/tecPeopleMgr',NULL,'2018-06-24 22:45:43','1','管理员',NULL,'2018-06-24 22:45:43','1','管理员',NULL,NULL,NULL,NULL,NULL,NULL,NULL,NULL,NULL,'ac88ceb386aa4231b09bf472cb937c24'),('29','authManager','服务管理','13','/auth','service','dirt',8,'服务权限管理','/adminSys/authManager',NULL,'2017-12-26 19:54:45','1','Mr.AG','127.0.0.1','2018-06-16 15:28:23','1','管理员','127.0.0.1',NULL,NULL,NULL,NULL,NULL,NULL,NULL,NULL,NULL),('2901e456e5bc48fbbfcb659078f77aa2','systemManagement ','系统管理','eb2f4334c525416d87dc14c1ac974149','systemManagement ','chart','dirt',5,NULL,'/rootNode/systemManagement ',NULL,'2018-07-17 11:40:32','2147a930090546c1ad9d4ef98330e97c','licheng',NULL,'2018-07-17 11:40:32','2147a930090546c1ad9d4ef98330e97c','licheng',NULL,NULL,NULL,NULL,NULL,NULL,NULL,NULL,NULL,'9da5649b2cbb477ab680bd347059bac7'),('2ef08eea5c70445cb706bea3b1632039','wfTodoList','待办任务','97cca20bd608406ea25cfee3a6af7c6b',NULL,'tickets','menu',2,NULL,'/adminSys/workflowManager/wfProcessMgr/wfTodoList',NULL,'2018-06-14 09:49:58','1','Mr.AG',NULL,'2018-06-14 09:49:58','1','Mr.AG',NULL,NULL,NULL,NULL,NULL,NULL,NULL,NULL,NULL,'ac88ceb386aa4231b09bf472cb937c24'),('30','serviceManager','服务权限管理','29','/auth/service','client','menu',1,'服务管理','/adminSys/authManager/serviceManager',NULL,'2017-12-26 19:56:06','1','Mr.AG','127.0.0.1','2018-02-02 19:48:46','1','Mr.AG','127.0.0.1',NULL,NULL,NULL,NULL,NULL,NULL,NULL,NULL,NULL),('31','monitorManager','监控运维管理','13',NULL,'setting','dirt',9,NULL,'/adminSys/monitorManager',NULL,'2018-01-07 11:35:19','1','Mr.AG','127.0.0.1','2018-06-16 15:28:32','1','管理员','127.0.0.1',NULL,NULL,NULL,NULL,NULL,NULL,NULL,NULL,NULL),('31c8095ae5fd40e9bdb05f558bb0a0a5','feedbackOptionStatisticsMgr','反馈意见选项统计','d52c63a0b9994b248dfec5e7e2a187c6',NULL,'org','menu',4,NULL,'/adminSys/statisticAnalysisMgr/feedbackOptionStatisticsMgr',NULL,'2018-06-16 15:36:25','1','管理员',NULL,'2018-06-16 15:37:21','1','管理员',NULL,NULL,NULL,NULL,NULL,NULL,NULL,NULL,NULL,'ac88ceb386aa4231b09bf472cb937c24'),('32a8b411d464493a8716f363cb0b516d','businessManagement','业务管理','eb2f4334c525416d87dc14c1ac974149','businessManagement','chart','dirt',1,NULL,'/rootNode/businessManagement',NULL,'2018-07-17 11:35:50','2147a930090546c1ad9d4ef98330e97c','licheng',NULL,'2018-07-17 11:35:50','2147a930090546c1ad9d4ef98330e97c','licheng',NULL,NULL,NULL,NULL,NULL,NULL,NULL,NULL,NULL,'9da5649b2cbb477ab680bd347059bac7'),('33','serviceMonitorManager','服务监控管理','31',NULL,'client','menu',2,NULL,'/adminSys/monitorManager/serviceMonitorManager',NULL,'2018-01-07 11:38:13','1','Mr.AG','127.0.0.1','2018-01-07 11:38:29','1','Mr.AG','127.0.0.1',NULL,NULL,NULL,NULL,NULL,NULL,NULL,NULL,NULL),('33677cfb621e42fc869e0ad120336af6','caseReviewMgr','案件审查','dda5528222cf48f4bc220cc3afbe7c95','caseReviewMgr','org','menu',1,NULL,'/adminSys/reviewBusinessManager/caseReviewMgr',NULL,'2018-07-05 22:08:43','1','管理员',NULL,'2018-07-11 12:09:05','2147a930090546c1ad9d4ef98330e97c','licheng',NULL,NULL,NULL,NULL,NULL,NULL,NULL,NULL,NULL,'ac88ceb386aa4231b09bf472cb937c24'),('34','serviceEurekaManager','服务注册管理','31',NULL,'client','menu',1,NULL,'/adminSys/monitorManager/serviceEurekaManager',NULL,'2018-01-07 12:20:31','1','Mr.AG','127.0.0.1','2018-01-07 12:20:31','1','Mr.AG','127.0.0.1',NULL,NULL,NULL,NULL,NULL,NULL,NULL,NULL,NULL),('35','serviceZipkinManager','服务链路监控','31',NULL,'client','menu',3,NULL,'/adminSys/monitorManager/serviceZipkinManager',NULL,'2018-01-07 17:58:14','1','Mr.AG','127.0.0.1','2018-01-07 17:58:14','1','Mr.AG','127.0.0.1',NULL,NULL,NULL,NULL,NULL,NULL,NULL,NULL,NULL),('38659fc385084bce8dcd7e77bfa89234','tecPeopleMgr','技术人员库管理','5','tecPeopleMgr','org','menu',3,NULL,'/adminSys/baseManager/aa',NULL,'2018-07-16 11:02:12','1','管理员',NULL,'2018-07-16 11:03:44','1','管理员',NULL,NULL,NULL,NULL,NULL,NULL,NULL,NULL,NULL,'ac88ceb386aa4231b09bf472cb937c24'),('3f17d4128cde4cbb8b60e0eda1def15f','caseFeedbackMgr','案件复核','dda5528222cf48f4bc220cc3afbe7c95','caseFeedbackMgr','org','menu',2,NULL,'/adminSys/reviewBusinessManager/caseFeedbackMgr',NULL,'2018-07-05 22:09:33','1','管理员',NULL,'2018-07-11 12:09:10','2147a930090546c1ad9d4ef98330e97c','licheng',NULL,NULL,NULL,NULL,NULL,NULL,NULL,NULL,NULL,'ac88ceb386aa4231b09bf472cb937c24'),('40','jobManager','定时作业管理','5',NULL,'job','menu',9,NULL,'/adminSys/baseManager/jobManager',NULL,'2018-03-09 19:56:55','1','XDiamond',NULL,'2018-07-16 11:04:54','1','管理员','127.0.0.1',NULL,NULL,NULL,NULL,NULL,NULL,NULL,NULL,NULL),('4e3b6f056431446898c44d230e86f83b','integratedQueryMgr','综合查询','dbdb5e415bc44f9090c6bc2b46bf35ae',NULL,'org','menu',5,NULL,'/adminSys/reviewBusinessManager/integratedQueryMgr',NULL,'2018-06-16 15:26:46','1','管理员',NULL,'2018-06-16 15:26:46','1','管理员',NULL,NULL,NULL,NULL,NULL,NULL,NULL,NULL,NULL,'ac88ceb386aa4231b09bf472cb937c24'),('5','baseManager','系统管理','13','/admin','setting','dirt',3,'','/adminSys/baseManager',NULL,NULL,NULL,NULL,NULL,'2018-07-08 14:26:19','1','管理员','127.0.0.1','Layout',NULL,NULL,NULL,NULL,NULL,NULL,NULL,NULL),('52cd07f3967b4add84b81e11199c3979','griddingManagement','网格管理','96fa67eaa0b844dba5c22365b9b655c9','griddingManagement','chart','menu',1,NULL,'/rootNode/dataCenter/griddingManagement',NULL,'2018-07-17 11:42:59','2147a930090546c1ad9d4ef98330e97c','licheng',NULL,'2018-07-17 11:42:59','2147a930090546c1ad9d4ef98330e97c','licheng',NULL,NULL,NULL,NULL,NULL,NULL,NULL,NULL,NULL,'9da5649b2cbb477ab680bd347059bac7'),('5c3f9c34756d4fa79be636137b9a58cc','enforcecardManagement','执法证管理','96fa67eaa0b844dba5c22365b9b655c9','enforcecardManagement','chart','menu',5,NULL,'/rootNode/dataCenter/enforcecardManagement',NULL,'2018-07-17 11:47:18','2147a930090546c1ad9d4ef98330e97c','licheng',NULL,'2018-07-17 11:47:18','2147a930090546c1ad9d4ef98330e97c','licheng',NULL,NULL,NULL,NULL,NULL,NULL,NULL,NULL,NULL,'9da5649b2cbb477ab680bd347059bac7'),('5d5bcf25c0f3463c926cc269052d6a35','casePubPeopleMgr','分案人员库配置','5','casePubPeopleMgr','org','menu',4,NULL,'/adminSys/baseManager/casePubPeopleMgr',NULL,'2018-07-16 11:04:31','1','管理员',NULL,'2018-07-16 11:04:31','1','管理员',NULL,NULL,NULL,NULL,NULL,NULL,NULL,NULL,NULL,'ac88ceb386aa4231b09bf472cb937c24'),('5fb1c48066524bf39138a164e2cc5f14','caseFeedbackMgr','案件复核','dbdb5e415bc44f9090c6bc2b46bf35ae',NULL,'org','menu',4,NULL,'/adminSys/reviewBusinessManager/caseFeedbackMgr',NULL,'2018-06-16 15:25:57','1','管理员',NULL,'2018-06-26 18:19:41','1','管理员',NULL,NULL,NULL,NULL,NULL,NULL,NULL,NULL,NULL,'ac88ceb386aa4231b09bf472cb937c24'),('6','menuManager','菜单管理','5','/admin/menu','category','menu',5,'','/adminSys/baseManager/menuManager',NULL,NULL,NULL,NULL,NULL,'2018-07-16 11:04:40','1','管理员','127.0.0.1','_import(\'admin/menu/index\')',NULL,NULL,NULL,NULL,NULL,NULL,NULL,NULL),('64437488017445989456ac1556814e3e','workflowDeployedMgr','已发布流程管理','85c4fcd8669841c595582860c98931bb',NULL,'setting','menu',5,NULL,'/workflowManager/workflowDesign/workflowDeployedMgr',NULL,'2018-06-13 16:48:59','1','Mr.AG',NULL,'2018-06-13 16:48:59','1','Mr.AG',NULL,NULL,NULL,NULL,NULL,NULL,NULL,NULL,NULL,'ac88ceb386aa4231b09bf472cb937c24'),('683a890281614384bf025a199eb0eb3c','decisionSupport','决策支持','eb2f4334c525416d87dc14c1ac974149','decisionSupport','chart','dirt',2,NULL,'/rootNode/decisionSupport',NULL,'2018-07-17 11:37:17','2147a930090546c1ad9d4ef98330e97c','licheng',NULL,'2018-07-17 11:37:17','2147a930090546c1ad9d4ef98330e97c','licheng',NULL,NULL,NULL,NULL,NULL,NULL,NULL,NULL,NULL,'9da5649b2cbb477ab680bd347059bac7'),('683f496f61dd444a81255ff24cfacef0','provReviewCompareMgr','各省审查量对比统计','d52c63a0b9994b248dfec5e7e2a187c6',NULL,'org','menu',7,NULL,'/adminSys/statisticAnalysisMgr/provReviewCompareMgr',NULL,'2018-06-16 15:43:32','1','管理员',NULL,'2018-06-16 15:43:32','1','管理员',NULL,NULL,NULL,NULL,NULL,NULL,NULL,NULL,NULL,'ac88ceb386aa4231b09bf472cb937c24'),('68ee45b69c0f41cb9d6a5c33d46fb7a6','gatewayManager','网关路由管理','29',NULL,'navigate','menu',3,NULL,'/adminSys/authManager/gatewayManager',NULL,'2018-02-25 13:30:49','1','Mr.AG',NULL,'2018-02-25 13:30:49','1','Mr.AG',NULL,NULL,NULL,NULL,NULL,NULL,NULL,NULL,NULL,'ac88ceb386aa4231b09bf472cb937c24'),('68ee45b69c0f41cb9d6a5c33d46fb8a6','oauthClientDetailsManager','客户端管理','29',NULL,'navigate','menu',4,NULL,'/adminSys/authManager/oauthClientDetailsManager',NULL,'2018-02-25 13:30:49','1','Mr.AG',NULL,'2018-03-28 20:17:57','1','Mr.AG',NULL,NULL,NULL,NULL,NULL,NULL,NULL,NULL,NULL,'ac88ceb386aa4231b09bf472cb937c24'),('7','groupManager','角色权限管理','5','/admin/group','group_fill','menu',2,'','/adminSys/baseManager/groupManager',NULL,NULL,NULL,NULL,NULL,'2018-07-16 11:03:04','1','管理员','127.0.0.1','import(\'admin/group/index\')',NULL,NULL,NULL,NULL,NULL,NULL,NULL,NULL),('70d6725405544fe18315ed4dd8c44c5f','wfMonitorMgr','流程监控','a703daba1aa74174a26df830f49a3cd8',NULL,'setting','menu',8,NULL,'/workflowManager/wfMonitorMgr',NULL,'2018-06-13 16:51:12','1','Mr.AG',NULL,'2018-06-14 09:52:05','1','Mr.AG',NULL,NULL,NULL,NULL,NULL,NULL,NULL,NULL,NULL,'ac88ceb386aa4231b09bf472cb937c24'),('7494902cc9e948668e51f4596042b084','apiManager','服务接口文档','29','/auth/api','documentation','menu',2,NULL,'/adminSys/authManager/apiManager',NULL,'2018-02-07 13:28:05','1','Mr.AG',NULL,'2018-02-07 13:30:42','1','Mr.AG',NULL,NULL,NULL,NULL,NULL,NULL,NULL,NULL,NULL,NULL),('7574b969c9fa4e5895d6cc9c2b8a9a62','tenantManager','租户管理','5','/admin/tenantManager','tenant','menu',6,NULL,'/adminSys/baseManager/tenantManager',NULL,'2018-02-09 08:56:43','1','Mr.AG',NULL,'2018-07-16 11:04:44','1','管理员',NULL,NULL,NULL,NULL,NULL,NULL,NULL,NULL,NULL,NULL),('769424a23d134ccf8ccdb1bd03afefb2','car','车辆','42c934253fa14306ad306fea8c0c8c12',NULL,'chart','menu',0,NULL,'/aa/car',NULL,'2018-07-05 13:14:52','1','管理员',NULL,'2018-07-05 13:16:16','1','管理员',NULL,NULL,NULL,NULL,NULL,NULL,NULL,NULL,NULL,'ac88ceb386aa4231b09bf472cb937c24'),('7a0a75752c7d422abd2e30b7aad744d7','orgManager','组织部门管理','13','/org','org','dirt',19,NULL,'/adminSys/orgManager',NULL,'2018-02-04 22:33:33','1','Mr.AG',NULL,'2018-06-16 15:22:20','1','管理员',NULL,NULL,NULL,NULL,NULL,NULL,NULL,NULL,NULL,NULL),('7db720c1c84443c1bb41390cb0b6cb5f','transferCaseCompStaMgr','移送案由对比统计','d52c63a0b9994b248dfec5e7e2a187c6',NULL,'org','menu',8,NULL,'/adminSys/statisticAnalysisMgr/transferCaseCompStaMgr',NULL,'2018-06-16 15:44:38','1','管理员',NULL,'2018-06-16 15:44:38','1','管理员',NULL,NULL,NULL,NULL,NULL,NULL,NULL,NULL,NULL,'ac88ceb386aa4231b09bf472cb937c24'),('8','groupTypeManager','角色类型管理','5','/admin/groupType','group','menu',8,'','/adminSys/baseManager/groupTypeManager',NULL,NULL,NULL,NULL,NULL,'2018-07-16 11:04:50','1','管理员','127.0.0.1','_import(\'admin/groupType/index\')',NULL,NULL,NULL,NULL,NULL,NULL,NULL,NULL),('811a361114994f6580f136c7a7842181','terminal','终端管理','3aed1d79dfd148ab98e147ff4baf01b2',NULL,'chart','menu',1,NULL,'/dataCenter/terminal',NULL,'2018-07-05 21:01:56','1','管理员',NULL,'2018-07-05 21:01:56','1','管理员',NULL,NULL,NULL,NULL,NULL,NULL,NULL,NULL,NULL,'ac88ceb386aa4231b09bf472cb937c24'),('85c4fcd8669841c595582860c98931bb','workflowDesign','流程设计','a703daba1aa74174a26df830f49a3cd8',NULL,'setting','dirt',2,NULL,'/workflowManager/workflowDesign',NULL,'2018-06-13 16:47:01','1','Mr.AG',NULL,'2018-06-13 16:47:01','1','Mr.AG',NULL,NULL,NULL,NULL,NULL,NULL,NULL,NULL,NULL,'ac88ceb386aa4231b09bf472cb937c24'),('88076aff1c914839886a0367e3176392','profiCheckCount','各专业案件审查量','07a8365e204743159ba624f99e0a2159',NULL,'chart','menu',4,NULL,'/adminSys/analysisCenter/null',NULL,'2018-07-08 19:40:45','1','管理员',NULL,'2018-07-11 23:54:20','1','管理员',NULL,NULL,NULL,NULL,NULL,NULL,NULL,NULL,NULL,'ac88ceb386aa4231b09bf472cb937c24'),('8a97eb6b7bb241cba8a3ec7c6bb458dd','sugSourceStatic',' 来源意见情况统计','07a8365e204743159ba624f99e0a2159',NULL,'chart','menu',7,NULL,'/adminSys/analysisCenter/null',NULL,'2018-07-08 19:41:26','1','管理员',NULL,'2018-07-11 23:54:29','1','管理员',NULL,NULL,NULL,NULL,NULL,NULL,NULL,NULL,NULL,'ac88ceb386aa4231b09bf472cb937c24'),('8b5ca843e8474bc9b7eda88d194fa837','provideWrit','出具文书','dda5528222cf48f4bc220cc3afbe7c95','provideWrit','org','menu',4,NULL,'/adminSys/reviewBusinessManager/provideWrit',NULL,'2018-07-11 12:10:25','2147a930090546c1ad9d4ef98330e97c','licheng',NULL,'2018-07-11 12:13:13','2147a930090546c1ad9d4ef98330e97c','licheng',NULL,NULL,NULL,NULL,NULL,NULL,NULL,NULL,NULL,'9da5649b2cbb477ab680bd347059bac7'),('8f948240fc994182b0b9e25903b0d17e','casePubPeopleMgr','分案人员库配置','8310bfa4063b46a6b7972db01f2a9ad1','casePubPeopleMgr','org','menu',1,NULL,'/adminSys/workPeopleMgr/casePubPeopleMgr',NULL,'2018-07-05 23:07:40','1','管理员',NULL,'2018-07-05 23:07:40','1','管理员',NULL,NULL,NULL,NULL,NULL,NULL,NULL,NULL,NULL,'ac88ceb386aa4231b09bf472cb937c24'),('927aeb7e9c1e4f4f822870097514405e','car','车辆管理','3aed1d79dfd148ab98e147ff4baf01b2',NULL,'chart','menu',0,NULL,'/dataCenter/car',NULL,'2018-07-05 21:01:13','1','管理员',NULL,'2018-07-05 21:01:13','1','管理员',NULL,NULL,NULL,NULL,NULL,NULL,NULL,NULL,NULL,'ac88ceb386aa4231b09bf472cb937c24'),('93008be59a3540438c3990382ea483c0','wfQueryMgr','流程查询','a703daba1aa74174a26df830f49a3cd8',NULL,'setting','dirt',10,NULL,'/workflowManager/wfQueryMgr',NULL,'2018-06-13 16:51:51','1','Mr.AG',NULL,'2018-06-13 16:51:51','1','Mr.AG',NULL,NULL,NULL,NULL,NULL,NULL,NULL,NULL,NULL,'ac88ceb386aa4231b09bf472cb937c24'),('96aafed1ea6f41f49e8bb2d93c46f484','workflowManagement','工作流管理','eb2f4334c525416d87dc14c1ac974149','workflowManagement','chart','dirt',4,NULL,'/rootNode/workflowManagement',NULL,'2018-07-17 11:39:30','2147a930090546c1ad9d4ef98330e97c','licheng',NULL,'2018-07-17 11:39:30','2147a930090546c1ad9d4ef98330e97c','licheng',NULL,NULL,NULL,NULL,NULL,NULL,NULL,NULL,NULL,'9da5649b2cbb477ab680bd347059bac7'),('96fa67eaa0b844dba5c22365b9b655c9','dataCenter','数据中心','eb2f4334c525416d87dc14c1ac974149','dataCenter','chart','dirt',0,NULL,'/rootNode/dataCenter',NULL,'2018-07-17 11:31:29','2147a930090546c1ad9d4ef98330e97c','licheng',NULL,'2018-07-17 11:31:29','2147a930090546c1ad9d4ef98330e97c','licheng',NULL,NULL,NULL,NULL,NULL,NULL,NULL,NULL,NULL,'9da5649b2cbb477ab680bd347059bac7'),('97cca20bd608406ea25cfee3a6af7c6b','wfProcessMgr','流程管理','a703daba1aa74174a26df830f49a3cd8',NULL,'setting','dirt',6,NULL,'/workflowManager/wfProcessMgr',NULL,'2018-06-13 16:50:32','1','Mr.AG',NULL,'2018-06-13 16:50:32','1','Mr.AG',NULL,NULL,NULL,NULL,NULL,NULL,NULL,NULL,NULL,'ac88ceb386aa4231b09bf472cb937c24'),('9eaf163df0b84effa3a037b6f715cd90','appraisalQuantTrendMgr','鉴定文书数量趋势分析','d52c63a0b9994b248dfec5e7e2a187c6',NULL,'org','menu',1,NULL,'/adminSys/statisticAnalysisMgr/appraisalQuantTrendMgr',NULL,'2018-06-16 15:33:36','1','管理员',NULL,'2018-06-16 15:33:36','1','管理员',NULL,NULL,NULL,NULL,NULL,NULL,NULL,NULL,NULL,'ac88ceb386aa4231b09bf472cb937c24'),('9eefdd3d7ed9490499c077905706b00a','sourcesStatisticsMgr','来源统计','d52c63a0b9994b248dfec5e7e2a187c6',NULL,'org','menu',5,NULL,'/adminSys/statisticAnalysisMgr/sourcesStatisticsMgr',NULL,'2018-06-16 15:38:51','1','管理员',NULL,'2018-06-16 15:38:51','1','管理员',NULL,NULL,NULL,NULL,NULL,NULL,NULL,NULL,NULL,'ac88ceb386aa4231b09bf472cb937c24'),('a1384b51c44941d6831900c624e4481d','patrolManagement','巡查事项清单管理','96fa67eaa0b844dba5c22365b9b655c9','patrolManagement','chart','menu',7,NULL,'/rootNode/dataCenter/patrolManagement',NULL,'2018-07-17 11:49:36','2147a930090546c1ad9d4ef98330e97c','licheng',NULL,'2018-07-17 11:49:36','2147a930090546c1ad9d4ef98330e97c','licheng',NULL,NULL,NULL,NULL,NULL,NULL,NULL,NULL,NULL,'9da5649b2cbb477ab680bd347059bac7'),('a3dc715135b046f4a6808f221ef2898a','workflowStatusConfigMgr','流程状态管理','85c4fcd8669841c595582860c98931bb',NULL,'setting','menu',6,NULL,'/workflowManager/workflowDesign/workflowStatusConfigMgr',NULL,'2018-06-13 16:49:48','1','Mr.AG',NULL,'2018-06-13 16:49:48','1','Mr.AG',NULL,NULL,NULL,NULL,NULL,NULL,NULL,NULL,NULL,'ac88ceb386aa4231b09bf472cb937c24'),('a50830c70b9b40d1ac7a9c6709ceac84','eventtypeManagement','事件类别管理','96fa67eaa0b844dba5c22365b9b655c9','eventtypeManagement','chart','menu',2,NULL,'/rootNode/dataCenter/eventcategoryManagement',NULL,'2018-07-17 11:44:24','2147a930090546c1ad9d4ef98330e97c','licheng',NULL,'2018-07-17 16:38:44','1','管理员',NULL,NULL,NULL,NULL,NULL,NULL,NULL,NULL,NULL,'9da5649b2cbb477ab680bd347059bac7'),('a689c318c24240dfb77002da3265d406','superviseManagement','监管对象管理','96fa67eaa0b844dba5c22365b9b655c9','superviseManagement','chart','menu',0,NULL,'/rootNode/dataCenter/superviseManagement',NULL,'2018-07-17 11:42:06','2147a930090546c1ad9d4ef98330e97c','licheng',NULL,'2018-07-17 11:42:06','2147a930090546c1ad9d4ef98330e97c','licheng',NULL,NULL,NULL,NULL,NULL,NULL,NULL,NULL,NULL,'9da5649b2cbb477ab680bd347059bac7'),('a703daba1aa74174a26df830f49a3cd8','workflowManager','工作流管理','-1','/base','org','dirt',1,NULL,'/workflowManager',NULL,'2018-06-13 16:44:57','1','Mr.AG',NULL,'2018-07-17 11:30:49','2147a930090546c1ad9d4ef98330e97c','licheng',NULL,NULL,NULL,NULL,NULL,NULL,NULL,NULL,NULL,'ac88ceb386aa4231b09bf472cb937c24'),('a858ae5251e14f32a05fc6e5cd8cdd28','gridding','网格','42c934253fa14306ad306fea8c0c8c12',NULL,'chart','menu',2,NULL,'/aa/',NULL,'2018-07-05 13:16:59','1','管理员',NULL,'2018-07-05 13:18:05','1','管理员',NULL,NULL,NULL,NULL,NULL,NULL,NULL,NULL,NULL,'ac88ceb386aa4231b09bf472cb937c24'),('ab76a8217ca14dcfaf43fda23c8c98d9','tecPeopleMgr','技术人员库管理','8310bfa4063b46a6b7972db01f2a9ad1','tecPeopleMgr','org','menu',0,NULL,'/adminSys/workPeopleMgr/tecPeopleMgr',NULL,'2018-07-05 23:07:18','1','管理员',NULL,'2018-07-05 23:07:18','1','管理员',NULL,NULL,NULL,NULL,NULL,NULL,NULL,NULL,NULL,'ac88ceb386aa4231b09bf472cb937c24'),('abffed78ed544f1c82edc72c6923f51c','wfSummaryQuery','流程汇总查询','93008be59a3540438c3990382ea483c0',NULL,'setting','menu',2,NULL,'/workflowManager/wfQueryMgr/wfSummaryQuery',NULL,'2018-06-14 09:53:25','1','Mr.AG',NULL,'2018-06-14 09:53:25','1','Mr.AG',NULL,NULL,NULL,NULL,NULL,NULL,NULL,NULL,NULL,'ac88ceb386aa4231b09bf472cb937c24'),('b1e88f3244ce4e059eb8cb332a2c2670','terminalManagement','终端管理','96fa67eaa0b844dba5c22365b9b655c9','terminalManagement','chart','menu',4,NULL,'/rootNode/dataCenter/terminalManagement',NULL,'2018-07-17 11:45:55','2147a930090546c1ad9d4ef98330e97c','licheng',NULL,'2018-07-17 11:45:55','2147a930090546c1ad9d4ef98330e97c','licheng',NULL,NULL,NULL,NULL,NULL,NULL,NULL,NULL,NULL,'9da5649b2cbb477ab680bd347059bac7'),('b5211cc69d234b28a97f27e63edc9a58','departManager','组织机构','5','/org/depart','depart','menu',0,NULL,'/adminSys/baseManager/departManager',NULL,'2018-02-04 22:40:01','1','Mr.AG',NULL,'2018-07-16 11:02:41','1','管理员',NULL,NULL,NULL,NULL,NULL,NULL,NULL,NULL,NULL,NULL),('b754760a157444339f48c1ec834fe97d','serviceManagement','勤务管理','eb2f4334c525416d87dc14c1ac974149','serviceManagement','chart','dirt',3,NULL,'/rootNode/serviceManagement',NULL,'2018-07-17 11:38:32','2147a930090546c1ad9d4ef98330e97c','licheng',NULL,'2018-07-17 11:38:32','2147a930090546c1ad9d4ef98330e97c','licheng',NULL,NULL,NULL,NULL,NULL,NULL,NULL,NULL,NULL,'9da5649b2cbb477ab680bd347059bac7'),('bb9bd4ab26e4497f8558a944e9f614bf','resultFeedback','结果反馈','dda5528222cf48f4bc220cc3afbe7c95','resultFeedback','org','menu',3,NULL,'/adminSys/reviewBusinessManager/resultFeedback',NULL,'2018-07-11 12:08:44','2147a930090546c1ad9d4ef98330e97c','licheng',NULL,'2018-07-11 12:13:06','2147a930090546c1ad9d4ef98330e97c','licheng',NULL,NULL,NULL,NULL,NULL,NULL,NULL,NULL,NULL,'9da5649b2cbb477ab680bd347059bac7'),('be4dcc355b08426e8d58f311e5e23a50','deptBiztype','部门业务条线配置','96fa67eaa0b844dba5c22365b9b655c9','deptBiztype','chart','menu',8,NULL,'/rootNode/dataCenter/deptBiztype',NULL,'2018-07-25 10:09:54','1','管理员',NULL,'2018-07-25 10:09:54','1','管理员',NULL,NULL,NULL,NULL,NULL,NULL,NULL,NULL,NULL,'ac88ceb386aa4231b09bf472cb937c24'),('c2f8d4f81435418c904cb163dd6a2d52','workflowDesginModelMgr','流程模型管理','85c4fcd8669841c595582860c98931bb',NULL,'setting','menu',2,NULL,'/workflowManager/workflowDesign/workflowDesginModelMgr',NULL,'2018-06-13 16:48:12','1','Mr.AG',NULL,'2018-06-13 16:54:32','1','Mr.AG',NULL,NULL,NULL,NULL,NULL,NULL,NULL,NULL,NULL,'ac88ceb386aa4231b09bf472cb937c24'),('c414e593ea7443ffa0c7b8ee1d1d9125','noticeManagerment','公告管理','13','noticeManagerment','setting','menu',4,NULL,'/adminSys/noticeManagerment',NULL,'2018-07-05 22:01:39','1','管理员',NULL,'2018-07-05 23:09:57','1','管理员',NULL,NULL,NULL,NULL,NULL,NULL,NULL,NULL,NULL,'ac88ceb386aa4231b09bf472cb937c24'),('cad0c05f71864741b76cc7a1cce35caa','acceptanceEngagementMgr','接受委托','dbdb5e415bc44f9090c6bc2b46bf35ae',NULL,'org','menu',2,NULL,'/adminSys/reviewBusinessManager/acceptanceEngagementMgr',NULL,'2018-06-16 15:24:09','1','管理员',NULL,'2018-06-16 15:24:09','1','管理员',NULL,NULL,NULL,NULL,NULL,NULL,NULL,NULL,NULL,'ac88ceb386aa4231b09bf472cb937c24'),('cbbc6f5d3855453ab2b690dc87127294','terminal','终端','42c934253fa14306ad306fea8c0c8c12',NULL,'chart','menu',1,NULL,'/aa/terminal',NULL,'2018-07-05 13:16:09','1','管理员',NULL,'2018-07-05 13:16:09','1','管理员',NULL,NULL,NULL,NULL,NULL,NULL,NULL,NULL,NULL,'ac88ceb386aa4231b09bf472cb937c24'),('cd4b3e8511874c34b6a8423d3d566025','maiSourceStatic','主要来源统计','07a8365e204743159ba624f99e0a2159','','chart','menu',2,NULL,'/adminSys/analysisCenter/null',NULL,'2018-07-08 19:40:15','1','管理员',NULL,'2018-07-11 23:54:05','1','管理员',NULL,NULL,NULL,NULL,NULL,NULL,NULL,NULL,NULL,'ac88ceb386aa4231b09bf472cb937c24'),('d51075baae2044dba2e76450998801c1','regulaObjectType','监管对象类型配置','96fa67eaa0b844dba5c22365b9b655c9','regulaObjectType','chart','menu',0,NULL,'/rootNode/dataCenter/regulaObjectType',NULL,'2018-08-02 09:40:36','1','管理员',NULL,'2018-08-02 09:40:36','1','管理员',NULL,NULL,NULL,NULL,NULL,NULL,NULL,NULL,NULL,'ac88ceb386aa4231b09bf472cb937c24'),('d53837f50b164ae6b72f68fd66370024','feedbackStatistics','反馈意见情况统计','d52c63a0b9994b248dfec5e7e2a187c6',NULL,'org','menu',2,NULL,'/adminSys/statisticAnalysisMgr/feedbackStatistics',NULL,'2018-06-16 15:35:26','1','管理员',NULL,'2018-06-16 15:35:26','1','管理员',NULL,NULL,NULL,NULL,NULL,NULL,NULL,NULL,NULL,'ac88ceb386aa4231b09bf472cb937c24'),('d765d735278c455e92c900460e0d4df9','recentReviewStatic','近期各检察院审查/审结统计','07a8365e204743159ba624f99e0a2159',NULL,'chart','menu',3,NULL,'/adminSys/analysisCenter/null',NULL,'2018-07-08 19:40:30','1','管理员',NULL,'2018-07-11 23:54:13','1','管理员',NULL,NULL,NULL,NULL,NULL,NULL,NULL,NULL,NULL,'ac88ceb386aa4231b09bf472cb937c24'),('d9b5143c56434af390de6826ae620bbe','caseReviewMgr','案件审查','dbdb5e415bc44f9090c6bc2b46bf35ae',NULL,'org','menu',3,NULL,'/adminSys/reviewBusinessManager/caseReviewMgr',NULL,'2018-06-16 15:24:59','1','管理员',NULL,'2018-06-16 15:24:59','1','管理员',NULL,NULL,NULL,NULL,NULL,NULL,NULL,NULL,NULL,'ac88ceb386aa4231b09bf472cb937c24'),('d9da45818e4e48b193c9a20db8e188a2','reseau','网格管理','3aed1d79dfd148ab98e147ff4baf01b2',NULL,'chart','menu',2,NULL,'/dataCenter/reseau',NULL,'2018-07-05 21:02:34','1','管理员',NULL,'2018-07-05 21:02:34','1','管理员',NULL,NULL,NULL,NULL,NULL,NULL,NULL,NULL,NULL,'ac88ceb386aa4231b09bf472cb937c24'),('dda5528222cf48f4bc220cc3afbe7c95','reviewBusinessManager','办案平台','13','reviewBusinessManager','documentation','dirt',1,NULL,'/adminSys/reviewBusinessManager',NULL,'2018-07-05 22:05:23','1','管理员',NULL,'2018-07-08 14:20:57','1','管理员',NULL,NULL,NULL,NULL,NULL,NULL,NULL,NULL,NULL,'ac88ceb386aa4231b09bf472cb937c24'),('e0bc37e789484b3faf3bbf624e612628','procuratoratesRevConStaMgr','近期各检察院审查/审结情况统计','d52c63a0b9994b248dfec5e7e2a187c6',NULL,'org','menu',6,NULL,'/adminSys/statisticAnalysisMgr/procuratoratesRevConStaMgr',NULL,'2018-06-16 15:42:00','1','管理员',NULL,'2018-06-16 15:42:00','1','管理员',NULL,NULL,NULL,NULL,NULL,NULL,NULL,NULL,NULL,'ac88ceb386aa4231b09bf472cb937c24'),('e4cb51720bb84653991070292f2dfa9c','integratedQueryMgr','综合查询','07a8365e204743159ba624f99e0a2159','integratedQueryMgr','chart','menu',1,NULL,'/adminSys/analysisCenter/integratedQueryMgr',NULL,'2018-07-11 12:37:09','1','管理员',NULL,'2018-07-11 23:53:35','1','管理员',NULL,NULL,NULL,NULL,NULL,NULL,NULL,NULL,NULL,'ac88ceb386aa4231b09bf472cb937c24'),('e91a934366ea46d88554c8bd884dcb84','casePubPeopleMgr','分案人员库配置','aa0f6404033f4e519989c6a897742853',NULL,'people','menu',5,NULL,'/adminSys/workPeopleMgr/casePubPeopleMgr',NULL,'2018-06-24 22:46:43','1','管理员',NULL,'2018-06-24 22:46:43','1','管理员',NULL,NULL,NULL,NULL,NULL,NULL,NULL,NULL,NULL,'ac88ceb386aa4231b09bf472cb937c24'),('ea0ccc82f967402fa414209c8d4976f8','wfExceptionDeal','流程异常处理','97cca20bd608406ea25cfee3a6af7c6b',NULL,'tickets','menu',5,NULL,'/adminSys/workflowManager/wfProcessMgr/wfExceptionDeal',NULL,'2018-06-14 09:51:01','1','Mr.AG',NULL,'2018-06-14 09:51:01','1','Mr.AG',NULL,NULL,NULL,NULL,NULL,NULL,NULL,NULL,NULL,'ac88ceb386aa4231b09bf472cb937c24'),('eb2f4334c525416d87dc14c1ac974149','rootNode','综合治理','-1','rootNode','setting','dirt',2,NULL,'/rootNode',NULL,'2018-07-17 11:30:34','2147a930090546c1ad9d4ef98330e97c','licheng',NULL,'2018-07-17 15:06:40','1','管理员',NULL,NULL,NULL,NULL,NULL,NULL,NULL,NULL,NULL,'9da5649b2cbb477ab680bd347059bac7'),('edfb601d2eea4be5b29ae9b264112612','wfDelegateCancel','流程委托取消','97cca20bd608406ea25cfee3a6af7c6b',NULL,'org','menu',8,NULL,'/adminSys/workflowManager/wfProcessMgr/wfDelegateCancel',NULL,'2018-06-14 09:51:44','1','Mr.AG',NULL,'2018-06-14 09:51:44','1','Mr.AG',NULL,NULL,NULL,NULL,NULL,NULL,NULL,NULL,NULL,'ac88ceb386aa4231b09bf472cb937c24'),('efed244e86d442fe9f8661b7a2acd3d0','feedbackItemInfo','反馈意见选项情况','07a8365e204743159ba624f99e0a2159',NULL,'chart','menu',3,NULL,'/adminSys/analysisCenter/null',NULL,'2018-07-08 19:32:22','1','管理员',NULL,'2018-07-11 23:54:17','1','管理员',NULL,NULL,NULL,NULL,NULL,NULL,NULL,NULL,NULL,'ac88ceb386aa4231b09bf472cb937c24'),('f779a4a58b9d43d6942c0f8cabd95c23','statistics','分析统计','07a8365e204743159ba624f99e0a2159','statistics','chart','menu',0,NULL,'/adminSys/analysisCenter/statistics',NULL,'2018-07-11 14:12:29','1','管理员',NULL,'2018-07-11 15:16:27','1','管理员',NULL,NULL,NULL,NULL,NULL,NULL,NULL,NULL,NULL,'ac88ceb386aa4231b09bf472cb937c24'),('fcf2c9bcf02a447695c0435e875bcf71','personalCenter','个人中心','13',NULL,'people','menu',0,NULL,'/adminSys/personalCenter',NULL,'2018-06-18 16:09:48','1','管理员',NULL,'2018-06-18 16:09:48','1','管理员',NULL,NULL,NULL,NULL,NULL,NULL,NULL,NULL,NULL,'ac88ceb386aa4231b09bf472cb937c24'),('fe7d4b6fae2146e597c5b434aeab6f9e','wfDelegateQuery','流程委托查询','93008be59a3540438c3990382ea483c0',NULL,'setting','menu',6,NULL,'/adminSys/workflowManager/wfQueryMgr/wfDelegateQuery',NULL,'2018-06-14 09:54:01','1','Mr.AG',NULL,'2018-06-14 09:54:01','1','Mr.AG',NULL,NULL,NULL,NULL,NULL,NULL,NULL,NULL,NULL,'ac88ceb386aa4231b09bf472cb937c24'),('ff7daf8039cd41e48362664ee091153d','divisionalManagement','分案管理','dbdb5e415bc44f9090c6bc2b46bf35ae',NULL,'org','menu',1,NULL,'/adminSys/reviewBusinessManager/divisionalManagement',NULL,'2018-06-16 15:23:05','1','管理员',NULL,'2018-06-16 15:23:05','1','管理员',NULL,NULL,NULL,NULL,NULL,NULL,NULL,NULL,NULL,'ac88ceb386aa4231b09bf472cb937c24');

/*Table structure for table `base_position` */

DROP TABLE IF EXISTS `base_position`;

CREATE TABLE `base_position` (
  `id` varchar(36) NOT NULL,
  `name` varchar(255) DEFAULT NULL COMMENT '职位',
  `code` varchar(100) DEFAULT NULL COMMENT '编码',
  `depart_id` varchar(36) DEFAULT NULL COMMENT '部门ID',
  `type` varchar(36) DEFAULT NULL COMMENT '类型',
  `crt_user_name` varchar(255) DEFAULT NULL COMMENT '创建人',
  `crt_user_id` varchar(36) DEFAULT NULL COMMENT '创建人ID',
  `crt_time` datetime DEFAULT NULL COMMENT '创建时间',
  `upd_user_name` varchar(255) DEFAULT NULL COMMENT '最后更新人',
  `upd_user_id` varchar(36) DEFAULT NULL COMMENT '最后更新人ID',
  `upd_time` datetime DEFAULT NULL COMMENT '最后更新时间',
  `attr1` varchar(255) DEFAULT NULL,
  `attr2` varchar(255) DEFAULT NULL,
  `attr3` varchar(255) DEFAULT NULL,
  `attr4` varchar(255) DEFAULT NULL,
  `tenant_id` varchar(36) DEFAULT NULL,
  PRIMARY KEY (`id`) USING BTREE,
  UNIQUE KEY `unique_code` (`code`) USING BTREE
) ENGINE=InnoDB DEFAULT CHARSET=utf8mb4 ROW_FORMAT=DYNAMIC;

/*Data for the table `base_position` */

insert  into `base_position`(`id`,`name`,`code`,`depart_id`,`type`,`crt_user_name`,`crt_user_id`,`crt_time`,`upd_user_name`,`upd_user_id`,`upd_time`,`attr1`,`attr2`,`attr3`,`attr4`,`tenant_id`) values ('7f20210703bf45fd96909c73daa8f8ea','指挥长','post_zhz','fe3f79bcf2c540559156275cd801843b',NULL,'管理员','1','2018-07-26 18:28:24','管理员','1','2018-07-26 18:28:29',NULL,NULL,NULL,NULL,'ac88ceb386aa4231b09bf472cb937c24'),('8a923111ab574831bac65c15db5f9742','网格员','post_wgy','fe3f79bcf2c540559156275cd801843b',NULL,'管理员','1','2018-07-26 18:27:37','管理员','1','2018-07-26 18:27:37',NULL,NULL,NULL,NULL,'ac88ceb386aa4231b09bf472cb937c24'),('9c2f9ab789634c2ca11456a1f28b3545','部门经理','12','root','flow','Mr.AG','1','2018-02-15 10:57:28','Mr.AG','1','2018-04-04 19:15:18',NULL,NULL,NULL,NULL,'ac88ceb386aa4231b09bf472cb937c24'),('b6865a497f4c45b4badf6ac0fc6fba57','受理员','post_sly','fe3f79bcf2c540559156275cd801843b',NULL,'管理员','1','2018-07-26 18:27:54','管理员','1','2018-07-26 18:28:00',NULL,NULL,NULL,NULL,'ac88ceb386aa4231b09bf472cb937c24'),('c5f51dcdb64f4706acb4caa867359721','董事长','dongshiz','d8bb2fc8d51745458f77a78c42bf60ab',NULL,'测试租户','a1a2cb17b4f24e50bbde2f1b8a233bcb','2018-02-13 00:14:19','测试租户','a1a2cb17b4f24e50bbde2f1b8a233bcb','2018-02-13 00:14:19',NULL,NULL,NULL,NULL,'1ec08564dcc344018d6aaa910068f0f0');

/*Table structure for table `base_position_depart` */

DROP TABLE IF EXISTS `base_position_depart`;

CREATE TABLE `base_position_depart` (
  `id` varchar(36) NOT NULL,
  `position_id` varchar(36) DEFAULT NULL,
  `depart_id` varchar(36) DEFAULT NULL,
  `tenant_id` varchar(36) DEFAULT NULL,
  PRIMARY KEY (`id`) USING BTREE
) ENGINE=InnoDB DEFAULT CHARSET=utf8mb4 ROW_FORMAT=DYNAMIC;

/*Data for the table `base_position_depart` */

insert  into `base_position_depart`(`id`,`position_id`,`depart_id`,`tenant_id`) values ('06fcf4a245574548b26483a7935d6b80','c5f51dcdb64f4706acb4caa867359721','2b06ea24a3cf40659c183da3242cc669','1ec08564dcc344018d6aaa910068f0f0'),('52e4769712644574b510375d2cd67193','9c2f9ab789634c2ca11456a1f28b3545','root','ac88ceb386aa4231b09bf472cb937c24'),('a3b52b00c9db421dac71a0cf8515292f','c5f51dcdb64f4706acb4caa867359721','8782fcb72842440fa3254bf72717d7b0','1ec08564dcc344018d6aaa910068f0f0'),('a56fa87a91024418bcb9c455eb6dbe4a','c5f51dcdb64f4706acb4caa867359721','a269b706b0b34ee89dd7e8e08e8514bc','1ec08564dcc344018d6aaa910068f0f0'),('e9e7ae7b39ec4b1095005a1d58a96db0','c5f51dcdb64f4706acb4caa867359721','6cc8e1c706ec4119afbf12bf1da2b9ad','1ec08564dcc344018d6aaa910068f0f0');

/*Table structure for table `base_position_group` */

DROP TABLE IF EXISTS `base_position_group`;

CREATE TABLE `base_position_group` (
  `id` varchar(36) NOT NULL,
  `position_id` varchar(36) DEFAULT NULL,
  `group_id` varchar(36) DEFAULT NULL,
  `tenant_id` varchar(36) DEFAULT NULL,
  PRIMARY KEY (`id`) USING BTREE
) ENGINE=InnoDB DEFAULT CHARSET=utf8mb4 ROW_FORMAT=DYNAMIC;

/*Data for the table `base_position_group` */

insert  into `base_position_group`(`id`,`position_id`,`group_id`,`tenant_id`) values ('4eb85c39babc44b5ab3c0dcc569068b2','ba87c899a1404f43bb3caa3c072a88cc','366af0a7fd79453fbe54c0d24917ec4b','1ec08564dcc344018d6aaa910068f0f0'),('d020f0f465104f5ca32b1a00a3a81836','c5f51dcdb64f4706acb4caa867359721','366af0a7fd79453fbe54c0d24917ec4b','1ec08564dcc344018d6aaa910068f0f0');

/*Table structure for table `base_position_user` */

DROP TABLE IF EXISTS `base_position_user`;

CREATE TABLE `base_position_user` (
  `id` varchar(36) NOT NULL,
  `position_id` varchar(36) DEFAULT NULL,
  `user_id` varchar(36) DEFAULT NULL,
  `tenant_id` varchar(36) DEFAULT NULL,
  PRIMARY KEY (`id`) USING BTREE
) ENGINE=InnoDB DEFAULT CHARSET=utf8mb4 ROW_FORMAT=DYNAMIC;

/*Data for the table `base_position_user` */

insert  into `base_position_user`(`id`,`position_id`,`user_id`,`tenant_id`) values ('30366d57e3914cdeaff3676e5d3e1d61','ba87c899a1404f43bb3caa3c072a88cc','59c28b8593c2472e99e54e3ed9b6efe8','1ec08564dcc344018d6aaa910068f0f0'),('5652320967b943bea23a031031a2d470','9c2f9ab789634c2ca11456a1f28b3545','1','ac88ceb386aa4231b09bf472cb937c24'),('d6353f0cac444d908d00100bb19bed52','9c2f9ab789634c2ca11456a1f28b3545','59c28b8593c2472e99e54e3ed9b6efe8','ac88ceb386aa4231b09bf472cb937c24');

/*Table structure for table `base_resource_authority` */

DROP TABLE IF EXISTS `base_resource_authority`;

CREATE TABLE `base_resource_authority` (
  `id` varchar(36) NOT NULL,
  `authority_id` varchar(255) DEFAULT NULL COMMENT '角色ID',
  `authority_type` varchar(255) DEFAULT NULL COMMENT '角色类型',
  `resource_id` varchar(255) DEFAULT NULL COMMENT '资源ID',
  `resource_type` varchar(255) DEFAULT NULL COMMENT '资源类型',
  `parent_id` varchar(255) DEFAULT NULL,
  `path` varchar(2000) DEFAULT NULL,
  `description` varchar(255) DEFAULT NULL,
  `crt_time` datetime DEFAULT NULL,
  `crt_user` varchar(255) DEFAULT NULL,
  `crt_name` varchar(255) DEFAULT NULL,
  `crt_host` varchar(255) DEFAULT NULL,
  `attr1` varchar(255) DEFAULT NULL,
  `attr2` varchar(255) DEFAULT NULL,
  `attr3` varchar(255) DEFAULT NULL,
  `attr4` varchar(255) DEFAULT NULL,
  `attr5` varchar(255) DEFAULT NULL,
  `attr6` varchar(255) DEFAULT NULL,
  `attr7` varchar(255) DEFAULT NULL,
  `attr8` varchar(255) DEFAULT NULL,
  `tenant_id` varchar(36) DEFAULT NULL COMMENT '租户Id',
  `type` varchar(1) DEFAULT NULL COMMENT '类型',
  PRIMARY KEY (`id`) USING BTREE
) ENGINE=InnoDB DEFAULT CHARSET=utf8mb4 ROW_FORMAT=COMPACT;

/*Data for the table `base_resource_authority` */

insert  into `base_resource_authority`(`id`,`authority_id`,`authority_type`,`resource_id`,`resource_type`,`parent_id`,`path`,`description`,`crt_time`,`crt_user`,`crt_name`,`crt_host`,`attr1`,`attr2`,`attr3`,`attr4`,`attr5`,`attr6`,`attr7`,`attr8`,`tenant_id`,`type`) values ('00c911a324e0498fa8dc8cda500fb2b4','b0bfc23bd12f47418044c556405b52ac','group','21','button','-1',NULL,NULL,'2018-03-06 11:34:07','a1a2cb17b4f24e50bbde2f1b8a233bcb','测试租户',NULL,NULL,NULL,NULL,NULL,NULL,NULL,NULL,NULL,'1ec08564dcc344018d6aaa910068f0f0','0'),('0111d88d3b6d4e5f82019fc32b379e7a','268fd8c30e654ce49a463cd56da4487a','group','52cd07f3967b4add84b81e11199c3979','menu','-1',NULL,NULL,'2018-08-02 09:45:44','1','管理员',NULL,NULL,NULL,NULL,NULL,NULL,NULL,NULL,NULL,'ac88ceb386aa4231b09bf472cb937c24','0'),('016fb73d83864593babb6e5e7da57d2a','641645b3143f4c5b9dab15aff52bc53f','group','f779a4a58b9d43d6942c0f8cabd95c23','menu','-1',NULL,NULL,'2018-07-16 19:39:46','1','管理员',NULL,NULL,NULL,NULL,NULL,NULL,NULL,NULL,NULL,'ac88ceb386aa4231b09bf472cb937c24','1'),('01b41eb9bac1480382ed933acfb84d15','258651cfd4ca41cbaa70d1b233659b5c','group','13','menu','-1',NULL,NULL,'2018-03-06 11:56:07','1','Mr.AG',NULL,NULL,NULL,NULL,NULL,NULL,NULL,NULL,NULL,'ac88ceb386aa4231b09bf472cb937c24','1'),('01bdeedfd77f42c3a321c70b961bd90e','641645b3143f4c5b9dab15aff52bc53f','group','3','button','-1',NULL,NULL,'2018-07-16 19:26:42','1','管理员',NULL,NULL,NULL,NULL,NULL,NULL,NULL,NULL,NULL,'ac88ceb386aa4231b09bf472cb937c24','0'),('0260fdab20e04b0a8d913ff307b8eb45','641645b3143f4c5b9dab15aff52bc53f','group','6','menu','-1',NULL,NULL,'2018-07-16 19:39:46','1','管理员',NULL,NULL,NULL,NULL,NULL,NULL,NULL,NULL,NULL,'ac88ceb386aa4231b09bf472cb937c24','1'),('0278113d54744920b40abef1c254c030','268fd8c30e654ce49a463cd56da4487a','group','18','button','-1',NULL,NULL,'2018-07-11 11:37:18','1','管理员',NULL,NULL,NULL,NULL,NULL,NULL,NULL,NULL,NULL,'ac88ceb386aa4231b09bf472cb937c24','0'),('049cb978801146e28f36bc2c2ebc9ebb','641645b3143f4c5b9dab15aff52bc53f','group','fcf2c9bcf02a447695c0435e875bcf71','menu','-1',NULL,NULL,'2018-07-16 19:39:46','1','管理员',NULL,NULL,NULL,NULL,NULL,NULL,NULL,NULL,NULL,'ac88ceb386aa4231b09bf472cb937c24','1'),('04c324bad7064355a471212b9b55cc80','268fd8c30e654ce49a463cd56da4487a','group','3','button','-1',NULL,NULL,'2018-07-11 11:37:14','1','管理员',NULL,NULL,NULL,NULL,NULL,NULL,NULL,NULL,NULL,'ac88ceb386aa4231b09bf472cb937c24','0'),('051954af906d482993d9d5bdbcfcf68b','641645b3143f4c5b9dab15aff52bc53f','group','f779a4a58b9d43d6942c0f8cabd95c23','menu','-1',NULL,NULL,'2018-07-17 09:44:20','1','管理员',NULL,NULL,NULL,NULL,NULL,NULL,NULL,NULL,NULL,'ac88ceb386aa4231b09bf472cb937c24','0'),('05233bb6761f408e98a93be98207f017','268fd8c30e654ce49a463cd56da4487a','group','16','button','-1',NULL,NULL,'2018-07-11 11:37:18','1','管理员',NULL,NULL,NULL,NULL,NULL,NULL,NULL,NULL,NULL,'ac88ceb386aa4231b09bf472cb937c24','0'),('063b29950310465bbcf4ca59df806713','258651cfd4ca41cbaa70d1b233659b5c','group','edfb601d2eea4be5b29ae9b264112612','menu','-1',NULL,NULL,'2018-07-16 11:36:29','1','管理员',NULL,NULL,NULL,NULL,NULL,NULL,NULL,NULL,NULL,'ac88ceb386aa4231b09bf472cb937c24','0'),('063b5d9c5daa4e759c01efb7943cc386','268fd8c30e654ce49a463cd56da4487a','group','8b5ff030c76341059a335e0653fef5ea','button','-1',NULL,NULL,'2018-07-15 20:51:17','1','管理员',NULL,NULL,NULL,NULL,NULL,NULL,NULL,NULL,NULL,'ac88ceb386aa4231b09bf472cb937c24','0'),('064431e2f00b494db9ac5c4b794fedf2','258651cfd4ca41cbaa70d1b233659b5c','group','64437488017445989456ac1556814e3e','menu','-1',NULL,NULL,'2018-07-16 11:36:29','1','管理员',NULL,NULL,NULL,NULL,NULL,NULL,NULL,NULL,NULL,'ac88ceb386aa4231b09bf472cb937c24','0'),('066227dadc524d10a91fb0ce24a4cd5d','b0bfc23bd12f47418044c556405b52ac','group','19','button','-1',NULL,NULL,'2018-03-06 11:34:07','a1a2cb17b4f24e50bbde2f1b8a233bcb','测试租户',NULL,NULL,NULL,NULL,NULL,NULL,NULL,NULL,NULL,'1ec08564dcc344018d6aaa910068f0f0','0'),('0757704647af4651ab9e19daa52f5cb7','366af0a7fd79453fbe54c0d24917ec4b','group','1','menu','-1',NULL,NULL,NULL,NULL,NULL,NULL,NULL,NULL,NULL,NULL,NULL,NULL,NULL,NULL,NULL,'0'),('07fe7074a5684385b48527b480050d0e','641645b3143f4c5b9dab15aff52bc53f','group','5','menu','-1',NULL,NULL,'2018-07-16 19:39:46','1','管理员',NULL,NULL,NULL,NULL,NULL,NULL,NULL,NULL,NULL,'ac88ceb386aa4231b09bf472cb937c24','1'),('082f0fa8b6d348309d06e5248b8613ca','641645b3143f4c5b9dab15aff52bc53f','group','7574b969c9fa4e5895d6cc9c2b8a9a62','menu','-1',NULL,NULL,'2018-07-16 19:39:46','1','管理员',NULL,NULL,NULL,NULL,NULL,NULL,NULL,NULL,NULL,'ac88ceb386aa4231b09bf472cb937c24','1'),('0946f24bb924419cbed92b72882955f3','12af673457474b8f9f90eaffce28185c','group','18','button','-1',NULL,NULL,'2018-07-11 11:36:01','1','管理员',NULL,NULL,NULL,NULL,NULL,NULL,NULL,NULL,NULL,'ac88ceb386aa4231b09bf472cb937c24','0'),('0999b8caf68143ab813e3fd5cb3f4c9c','641645b3143f4c5b9dab15aff52bc53f','group','3f17d4128cde4cbb8b60e0eda1def15f','menu','-1',NULL,NULL,'2018-07-16 19:39:46','1','管理员',NULL,NULL,NULL,NULL,NULL,NULL,NULL,NULL,NULL,'ac88ceb386aa4231b09bf472cb937c24','1'),('0a84927a316e47f78f6b51795dbd9bcd','268fd8c30e654ce49a463cd56da4487a','group','38659fc385084bce8dcd7e77bfa89234','menu','-1',NULL,NULL,'2018-08-02 09:45:44','1','管理员',NULL,NULL,NULL,NULL,NULL,NULL,NULL,NULL,NULL,'ac88ceb386aa4231b09bf472cb937c24','0'),('0ab97db6f48b42feb1556915a5fb563d','641645b3143f4c5b9dab15aff52bc53f','group','40','menu','-1',NULL,NULL,'2018-07-16 19:39:46','1','管理员',NULL,NULL,NULL,NULL,NULL,NULL,NULL,NULL,NULL,'ac88ceb386aa4231b09bf472cb937c24','1'),('0b6506f745974ac4b1c62f9a831d354b','258651cfd4ca41cbaa70d1b233659b5c','group','5','menu','-1',NULL,NULL,'2018-07-16 11:36:29','1','管理员',NULL,NULL,NULL,NULL,NULL,NULL,NULL,NULL,NULL,'ac88ceb386aa4231b09bf472cb937c24','0'),('0b651a6026ed42b592a4778242fd8551','641645b3143f4c5b9dab15aff52bc53f','group','88076aff1c914839886a0367e3176392','menu','-1',NULL,NULL,'2018-07-17 09:44:20','1','管理员',NULL,NULL,NULL,NULL,NULL,NULL,NULL,NULL,NULL,'ac88ceb386aa4231b09bf472cb937c24','0'),('0b65c6e846d44793a7a411b6d6c2e8d5','258651cfd4ca41cbaa70d1b233659b5c','group','5','button','-1',NULL,NULL,NULL,NULL,NULL,NULL,NULL,NULL,NULL,NULL,NULL,NULL,NULL,NULL,NULL,'1'),('0b9ba951f4b94e568afb0bade8c9c14c','12af673457474b8f9f90eaffce28185c','group','dda5528222cf48f4bc220cc3afbe7c95','menu','-1',NULL,NULL,'2018-07-11 11:30:43','1','管理员',NULL,NULL,NULL,NULL,NULL,NULL,NULL,NULL,NULL,'ac88ceb386aa4231b09bf472cb937c24','1'),('0c884b872eb9401c8873c4258d7e99b6','268fd8c30e654ce49a463cd56da4487a','group','57','button','-1',NULL,NULL,'2018-07-15 20:51:17','1','管理员',NULL,NULL,NULL,NULL,NULL,NULL,NULL,NULL,NULL,'ac88ceb386aa4231b09bf472cb937c24','0'),('0c9ed5b75eff4e0da05ca80e47d88ad3','258651cfd4ca41cbaa70d1b233659b5c','group','7a16202657c3478c8b4ece27a792e026','button','-1',NULL,NULL,NULL,NULL,NULL,NULL,NULL,NULL,NULL,NULL,NULL,NULL,NULL,NULL,NULL,'0'),('0d9071095aa24c13a6eb3ddc7648c939','268fd8c30e654ce49a463cd56da4487a','group','58','button','-1',NULL,NULL,'2018-07-15 20:51:17','1','管理员',NULL,NULL,NULL,NULL,NULL,NULL,NULL,NULL,NULL,'ac88ceb386aa4231b09bf472cb937c24','0'),('0d9e563d0cdc46ba8cbc0ab823525677','268fd8c30e654ce49a463cd56da4487a','group','9','button','-1',NULL,NULL,'2018-07-11 11:37:21','1','管理员',NULL,NULL,NULL,NULL,NULL,NULL,NULL,NULL,NULL,'ac88ceb386aa4231b09bf472cb937c24','0'),('0e35f3f47d07402daa82c13e4bd1eeea','258651cfd4ca41cbaa70d1b233659b5c','group','57','button','-1',NULL,NULL,NULL,NULL,NULL,NULL,NULL,NULL,NULL,NULL,NULL,NULL,NULL,NULL,NULL,'1'),('0e3b543ee5244419b49ac3c901f16b68','641645b3143f4c5b9dab15aff52bc53f','group','17','button','-1',NULL,NULL,'2018-07-16 19:37:09','1','管理员',NULL,NULL,NULL,NULL,NULL,NULL,NULL,NULL,NULL,'ac88ceb386aa4231b09bf472cb937c24','0'),('0e59819dacd94d9bafd69a828e31ee59','268fd8c30e654ce49a463cd56da4487a','group','11','button','-1',NULL,NULL,'2018-07-11 11:37:21','1','管理员',NULL,NULL,NULL,NULL,NULL,NULL,NULL,NULL,NULL,'ac88ceb386aa4231b09bf472cb937c24','0'),('0ef27ea58fab445ba08de3182f858830','641645b3143f4c5b9dab15aff52bc53f','group','5','menu','-1',NULL,NULL,'2018-07-17 09:44:20','1','管理员',NULL,NULL,NULL,NULL,NULL,NULL,NULL,NULL,NULL,'ac88ceb386aa4231b09bf472cb937c24','0'),('0fa164ab87c540ca92e81f7bc3f1ca56','258651cfd4ca41cbaa70d1b233659b5c','group','28','button','-1',NULL,NULL,NULL,NULL,NULL,NULL,NULL,NULL,NULL,NULL,NULL,NULL,NULL,NULL,NULL,'0'),('10cdf93a0bc744f6a0a27fa226ad404e','641645b3143f4c5b9dab15aff52bc53f','group','38659fc385084bce8dcd7e77bfa89234','menu','-1',NULL,NULL,'2018-07-17 09:44:20','1','管理员',NULL,NULL,NULL,NULL,NULL,NULL,NULL,NULL,NULL,'ac88ceb386aa4231b09bf472cb937c24','0'),('10e84b11e0674741913fa8424678cc17','268fd8c30e654ce49a463cd56da4487a','group','6','menu','-1',NULL,NULL,'2018-08-02 09:45:44','1','管理员',NULL,NULL,NULL,NULL,NULL,NULL,NULL,NULL,NULL,'ac88ceb386aa4231b09bf472cb937c24','0'),('111d54e7a2f8414c975ff93e7c3807da','268fd8c30e654ce49a463cd56da4487a','group','d51075baae2044dba2e76450998801c1','menu','-1',NULL,NULL,'2018-08-02 09:45:44','1','管理员',NULL,NULL,NULL,NULL,NULL,NULL,NULL,NULL,NULL,'ac88ceb386aa4231b09bf472cb937c24','0'),('126600421ccd4274bf11f25382a179e3','258651cfd4ca41cbaa70d1b233659b5c','group','29','menu','-1',NULL,NULL,'2018-07-16 11:36:29','1','管理员',NULL,NULL,NULL,NULL,NULL,NULL,NULL,NULL,NULL,'ac88ceb386aa4231b09bf472cb937c24','0'),('1289218f747646a192c0064bca1034d0','12af673457474b8f9f90eaffce28185c','group','8a97eb6b7bb241cba8a3ec7c6bb458dd','menu','-1',NULL,NULL,'2018-07-11 11:30:43','1','管理员',NULL,NULL,NULL,NULL,NULL,NULL,NULL,NULL,NULL,'ac88ceb386aa4231b09bf472cb937c24','1'),('13315a1c9ad54e9784fbf1360f3ea362','258651cfd4ca41cbaa70d1b233659b5c','group','4ee4f57a2d92494abe2595bff4f32057','button','-1',NULL,NULL,NULL,NULL,NULL,NULL,NULL,NULL,NULL,NULL,NULL,NULL,NULL,NULL,NULL,'1'),('13de9dce30a44f7c8479577506def590','258651cfd4ca41cbaa70d1b233659b5c','group','4ee4f57a2d92494abe2595bff4f32057','button','-1',NULL,NULL,NULL,NULL,NULL,NULL,NULL,NULL,NULL,NULL,NULL,NULL,NULL,NULL,NULL,'0'),('1507a3f514594bac96ae0925342289db','641645b3143f4c5b9dab15aff52bc53f','group','efed244e86d442fe9f8661b7a2acd3d0','menu','-1',NULL,NULL,'2018-07-16 19:39:46','1','管理员',NULL,NULL,NULL,NULL,NULL,NULL,NULL,NULL,NULL,'ac88ceb386aa4231b09bf472cb937c24','1'),('151ca9a05f764174adfd257367b2c03a','258651cfd4ca41cbaa70d1b233659b5c','group','-1','menu','-1',NULL,NULL,'2018-03-06 11:56:07','1','Mr.AG',NULL,NULL,NULL,NULL,NULL,NULL,NULL,NULL,NULL,'ac88ceb386aa4231b09bf472cb937c24','1'),('1587b15affaa4c89a7310769ccad7aef','258651cfd4ca41cbaa70d1b233659b5c','group','21b3fe683a6040ed8c57423e55cd94a2','button','-1',NULL,NULL,NULL,NULL,NULL,NULL,NULL,NULL,NULL,NULL,NULL,NULL,NULL,NULL,NULL,'0'),('15a1f7b75ccc4809975101bcfd91ee4e','641645b3143f4c5b9dab15aff52bc53f','group','20','button','-1',NULL,NULL,'2018-07-16 19:37:09','1','管理员',NULL,NULL,NULL,NULL,NULL,NULL,NULL,NULL,NULL,'ac88ceb386aa4231b09bf472cb937c24','0'),('160c98e5a6c94f0aa6f9a13703caddd2','12af673457474b8f9f90eaffce28185c','group','27','button','-1',NULL,NULL,'2018-07-11 11:36:27','1','管理员',NULL,NULL,NULL,NULL,NULL,NULL,NULL,NULL,NULL,'ac88ceb386aa4231b09bf472cb937c24','0'),('16ad44911f7846f9bd56a7f898837465','641645b3143f4c5b9dab15aff52bc53f','group','68ee45b69c0f41cb9d6a5c33d46fb8a6','menu','-1',NULL,NULL,'2018-07-16 19:39:46','1','管理员',NULL,NULL,NULL,NULL,NULL,NULL,NULL,NULL,NULL,'ac88ceb386aa4231b09bf472cb937c24','1'),('17099574c85448e8af24b4ec1038a10c','268fd8c30e654ce49a463cd56da4487a','group','56','button','-1',NULL,NULL,'2018-07-15 20:51:17','1','管理员',NULL,NULL,NULL,NULL,NULL,NULL,NULL,NULL,NULL,'ac88ceb386aa4231b09bf472cb937c24','0'),('18232030a5bf4eabb03a4bb768efc674','12af673457474b8f9f90eaffce28185c','group','55','button','-1',NULL,NULL,'2018-07-11 11:36:34','1','管理员',NULL,NULL,NULL,NULL,NULL,NULL,NULL,NULL,NULL,'ac88ceb386aa4231b09bf472cb937c24','0'),('19e1b4c26155454a904bc3ccb9aad7d9','268fd8c30e654ce49a463cd56da4487a','group','cd4b3e8511874c34b6a8423d3d566025','menu','-1',NULL,NULL,'2018-07-15 18:29:00','1','管理员',NULL,NULL,NULL,NULL,NULL,NULL,NULL,NULL,NULL,'ac88ceb386aa4231b09bf472cb937c24','1'),('1ad95b9b826748be85c70b844785e3c8','12af673457474b8f9f90eaffce28185c','group','16518e458bd04250b8c693d52a97471c','menu','-1',NULL,NULL,'2018-07-11 11:30:43','1','管理员',NULL,NULL,NULL,NULL,NULL,NULL,NULL,NULL,NULL,'ac88ceb386aa4231b09bf472cb937c24','1'),('1b31971f38e545629c656d64d9d2d0cd','258651cfd4ca41cbaa70d1b233659b5c','group','56','button','-1',NULL,NULL,NULL,NULL,NULL,NULL,NULL,NULL,NULL,NULL,NULL,NULL,NULL,NULL,NULL,'0'),('1b8001d161b440ce9b605347377ab693','268fd8c30e654ce49a463cd56da4487a','group','be4dcc355b08426e8d58f311e5e23a50','menu','-1',NULL,NULL,'2018-08-02 09:45:44','1','管理员',NULL,NULL,NULL,NULL,NULL,NULL,NULL,NULL,NULL,'ac88ceb386aa4231b09bf472cb937c24','0'),('1bc5bdb1d6b14237b44afb206e575bcc','-1','group','-1','menu','-1',NULL,NULL,'2018-03-06 09:57:13','a1a2cb17b4f24e50bbde2f1b8a233bcb','测试租户',NULL,NULL,NULL,NULL,NULL,NULL,NULL,NULL,NULL,'1ec08564dcc344018d6aaa910068f0f0','1'),('1bcd66af9e3a44198edfc5f7fd45a70b','268fd8c30e654ce49a463cd56da4487a','group','54','button','-1',NULL,NULL,'2018-07-11 11:37:24','1','管理员',NULL,NULL,NULL,NULL,NULL,NULL,NULL,NULL,NULL,'ac88ceb386aa4231b09bf472cb937c24','0'),('1c1ec82202e54d86bd844c5ae09984dd','268fd8c30e654ce49a463cd56da4487a','group','4','button','-1',NULL,NULL,'2018-07-11 11:37:14','1','管理员',NULL,NULL,NULL,NULL,NULL,NULL,NULL,NULL,NULL,'ac88ceb386aa4231b09bf472cb937c24','0'),('1c5d719bbdbf47baa6df465bf44aa3ea','b0bfc23bd12f47418044c556405b52ac','group','4ee4f57a2d92494abe2595bff4f32057','button','-1',NULL,NULL,'2018-03-06 11:34:07','a1a2cb17b4f24e50bbde2f1b8a233bcb','测试租户',NULL,NULL,NULL,NULL,NULL,NULL,NULL,NULL,NULL,'1ec08564dcc344018d6aaa910068f0f0','0'),('1e5261b5913442a7b22de3119bae2067','12af673457474b8f9f90eaffce28185c','group','32','button','-1',NULL,NULL,'2018-07-11 11:36:40','1','管理员',NULL,NULL,NULL,NULL,NULL,NULL,NULL,NULL,NULL,'ac88ceb386aa4231b09bf472cb937c24','0'),('1ed5493d3d744feaaf8300461790e0a4','268fd8c30e654ce49a463cd56da4487a','group','07a8365e204743159ba624f99e0a2159','menu','-1',NULL,NULL,'2018-08-02 09:45:44','1','管理员',NULL,NULL,NULL,NULL,NULL,NULL,NULL,NULL,NULL,'ac88ceb386aa4231b09bf472cb937c24','0'),('1eec820178b84f4fb697d026c6f819b3','641645b3143f4c5b9dab15aff52bc53f','group','dda5528222cf48f4bc220cc3afbe7c95','menu','-1',NULL,NULL,'2018-07-16 19:39:46','1','管理员',NULL,NULL,NULL,NULL,NULL,NULL,NULL,NULL,NULL,'ac88ceb386aa4231b09bf472cb937c24','1'),('1f77a838e5334e2d92af49d9d53ed509','12af673457474b8f9f90eaffce28185c','group','4ee4f57a2d92494abe2595bff4f32057','button','-1',NULL,NULL,'2018-07-11 11:36:15','1','管理员',NULL,NULL,NULL,NULL,NULL,NULL,NULL,NULL,NULL,'ac88ceb386aa4231b09bf472cb937c24','0'),('1f7e43d004004e5493b6c5e66c517536','258651cfd4ca41cbaa70d1b233659b5c','group','cac49646909c4750b23f223f53eafc5b','button','-1',NULL,NULL,NULL,NULL,NULL,NULL,NULL,NULL,NULL,NULL,NULL,NULL,NULL,NULL,NULL,'1'),('20643a004e8c4751a980649485989499','258651cfd4ca41cbaa70d1b233659b5c','group','21b3fe683a6040ed8c57423e55cd94a2','button','-1',NULL,NULL,NULL,NULL,NULL,NULL,NULL,NULL,NULL,NULL,NULL,NULL,NULL,NULL,NULL,'1'),('20f56930a2ef4c6d8e3a05a034735e1a','641645b3143f4c5b9dab15aff52bc53f','group','68ee45b69c0f41cb9d6a5c33d46fb7a6','menu','-1',NULL,NULL,'2018-07-16 19:39:46','1','管理员',NULL,NULL,NULL,NULL,NULL,NULL,NULL,NULL,NULL,'ac88ceb386aa4231b09bf472cb937c24','1'),('21104d9b9cd442898e14775726263ea1','268fd8c30e654ce49a463cd56da4487a','group','b754760a157444339f48c1ec834fe97d','menu','-1',NULL,NULL,'2018-08-02 09:45:44','1','管理员',NULL,NULL,NULL,NULL,NULL,NULL,NULL,NULL,NULL,'ac88ceb386aa4231b09bf472cb937c24','0'),('21341cc7429446bcb7a4eb39a16fb05f','b0bfc23bd12f47418044c556405b52ac','group','1','menu','-1',NULL,NULL,'2018-03-06 08:31:38','a1a2cb17b4f24e50bbde2f1b8a233bcb','测试租户',NULL,NULL,NULL,NULL,NULL,NULL,NULL,NULL,NULL,'1ec08564dcc344018d6aaa910068f0f0','0'),('21471cad403a4bb883864b67912893b3','258651cfd4ca41cbaa70d1b233659b5c','group','6d7ea83bb71d476dbfbda2bcbc1a01bd','button','-1',NULL,NULL,NULL,NULL,NULL,NULL,NULL,NULL,NULL,NULL,NULL,NULL,NULL,NULL,NULL,'0'),('2324e0998d9b450887748c073566413a','12af673457474b8f9f90eaffce28185c','group','49','button','-1',NULL,NULL,'2018-07-11 11:36:34','1','管理员',NULL,NULL,NULL,NULL,NULL,NULL,NULL,NULL,NULL,'ac88ceb386aa4231b09bf472cb937c24','0'),('23d6c4fa747245418597730ff3bd8fcd','268fd8c30e654ce49a463cd56da4487a','group','ef73cc9bf70d448caf72e3f45015700a','button','-1',NULL,NULL,'2018-07-11 11:37:11','1','管理员',NULL,NULL,NULL,NULL,NULL,NULL,NULL,NULL,NULL,'ac88ceb386aa4231b09bf472cb937c24','0'),('24deb0c965274a2ebad77ee3543044dd','268fd8c30e654ce49a463cd56da4487a','group','a1384b51c44941d6831900c624e4481d','menu','-1',NULL,NULL,'2018-08-02 09:45:44','1','管理员',NULL,NULL,NULL,NULL,NULL,NULL,NULL,NULL,NULL,'ac88ceb386aa4231b09bf472cb937c24','0'),('252c5718b33a41b2981164be79d212e6','268fd8c30e654ce49a463cd56da4487a','group','18a3e90ffbb04d909aa7d5ed03c6aad7','button','-1',NULL,NULL,'2018-07-27 09:42:10','1','管理员',NULL,NULL,NULL,NULL,NULL,NULL,NULL,NULL,NULL,'ac88ceb386aa4231b09bf472cb937c24','0'),('25bfb6a565904851bfc5bea72a28254e','268fd8c30e654ce49a463cd56da4487a','group','2901e456e5bc48fbbfcb659078f77aa2','menu','-1',NULL,NULL,'2018-08-02 09:45:44','1','管理员',NULL,NULL,NULL,NULL,NULL,NULL,NULL,NULL,NULL,'ac88ceb386aa4231b09bf472cb937c24','0'),('25c45a4e2b48442491405a92d5660c8e','258651cfd4ca41cbaa70d1b233659b5c','group','8b5ff030c76341059a335e0653fef5ea','button','-1',NULL,NULL,NULL,NULL,NULL,NULL,NULL,NULL,NULL,NULL,NULL,NULL,NULL,NULL,NULL,'0'),('25c85684ec83485db4fc2db8300e5879','258651cfd4ca41cbaa70d1b233659b5c','group','103593127199487794f9fd8fd573db5f','button','-1',NULL,NULL,NULL,NULL,NULL,NULL,NULL,NULL,NULL,NULL,NULL,NULL,NULL,NULL,NULL,'0'),('2721b8666fe34d47b42cac09aec6aadf','268fd8c30e654ce49a463cd56da4487a','group','bb9bd4ab26e4497f8558a944e9f614bf','menu','-1',NULL,NULL,'2018-08-02 09:45:44','1','管理员',NULL,NULL,NULL,NULL,NULL,NULL,NULL,NULL,NULL,'ac88ceb386aa4231b09bf472cb937c24','0'),('272e18cba13a4b81aa2d7ef8dc0b550e','-1','group','-1','menu','-1',NULL,NULL,'2018-03-06 09:56:51','a1a2cb17b4f24e50bbde2f1b8a233bcb','测试租户',NULL,NULL,NULL,NULL,NULL,NULL,NULL,NULL,NULL,'1ec08564dcc344018d6aaa910068f0f0','0'),('2789850c496749c594b63756ec2e2ba9','258651cfd4ca41cbaa70d1b233659b5c','group','2ef08eea5c70445cb706bea3b1632039','menu','-1',NULL,NULL,'2018-07-16 11:36:29','1','管理员',NULL,NULL,NULL,NULL,NULL,NULL,NULL,NULL,NULL,'ac88ceb386aa4231b09bf472cb937c24','0'),('283c3b069afa47cf857136f4090830f2','268fd8c30e654ce49a463cd56da4487a','group','cac49646909c4750b23f223f53eafc5b','button','-1',NULL,NULL,'2018-07-15 20:51:17','1','管理员',NULL,NULL,NULL,NULL,NULL,NULL,NULL,NULL,NULL,'ac88ceb386aa4231b09bf472cb937c24','0'),('29a371d4237c417f92c8164090958126','641645b3143f4c5b9dab15aff52bc53f','group','8b5ca843e8474bc9b7eda88d194fa837','menu','-1',NULL,NULL,'2018-07-17 09:44:20','1','管理员',NULL,NULL,NULL,NULL,NULL,NULL,NULL,NULL,NULL,'ac88ceb386aa4231b09bf472cb937c24','0'),('29c127f85ceb49f89124240eb034760a','258651cfd4ca41cbaa70d1b233659b5c','group','c6469be83d8e4d5ca404b46b347f7d4c','button','-1',NULL,NULL,NULL,NULL,NULL,NULL,NULL,NULL,NULL,NULL,NULL,NULL,NULL,NULL,NULL,'0'),('29f31df046e7423e966dbe0344239521','268fd8c30e654ce49a463cd56da4487a','group','5','menu','-1',NULL,NULL,'2018-08-02 09:45:44','1','管理员',NULL,NULL,NULL,NULL,NULL,NULL,NULL,NULL,NULL,'ac88ceb386aa4231b09bf472cb937c24','0'),('2a39bd04c0fd4b7292b8558e10eb25a0','b0bfc23bd12f47418044c556405b52ac','group','18','button','-1',NULL,NULL,'2018-03-06 11:34:07','a1a2cb17b4f24e50bbde2f1b8a233bcb','测试租户',NULL,NULL,NULL,NULL,NULL,NULL,NULL,NULL,NULL,'1ec08564dcc344018d6aaa910068f0f0','0'),('2aab60c9003742019582cd8f9376eb3e','a38aa1d3913742ec86370a17b2ed0507','group','3','button','-1',NULL,NULL,'2018-03-06 11:31:10','a1a2cb17b4f24e50bbde2f1b8a233bcb','测试租户',NULL,NULL,NULL,NULL,NULL,NULL,NULL,NULL,NULL,'1ec08564dcc344018d6aaa910068f0f0','0'),('2af92e906d86455684aadee1bd7d4949','641645b3143f4c5b9dab15aff52bc53f','group','13','menu','-1',NULL,NULL,'2018-07-17 09:44:20','1','管理员',NULL,NULL,NULL,NULL,NULL,NULL,NULL,NULL,NULL,'ac88ceb386aa4231b09bf472cb937c24','0'),('2b060448a28b44328f2d014bb8ac8b1a','641645b3143f4c5b9dab15aff52bc53f','group','375b04fe927c44e88593d02670acd90f','button','-1',NULL,NULL,'2018-07-16 19:39:45','1','管理员',NULL,NULL,NULL,NULL,NULL,NULL,NULL,NULL,NULL,'ac88ceb386aa4231b09bf472cb937c24','1'),('2b663d6f262441219d117e47cebcd16f','641645b3143f4c5b9dab15aff52bc53f','group','8b5ca843e8474bc9b7eda88d194fa837','menu','-1',NULL,NULL,'2018-07-16 19:39:46','1','管理员',NULL,NULL,NULL,NULL,NULL,NULL,NULL,NULL,NULL,'ac88ceb386aa4231b09bf472cb937c24','1'),('2c1e290c729f4773a4c16ef89d0be9e9','641645b3143f4c5b9dab15aff52bc53f','group','21','button','-1',NULL,NULL,'2018-07-16 19:39:45','1','管理员',NULL,NULL,NULL,NULL,NULL,NULL,NULL,NULL,NULL,'ac88ceb386aa4231b09bf472cb937c24','1'),('2e01f3826bc44c9ca8c2ca94a7e51df3','641645b3143f4c5b9dab15aff52bc53f','group','13','menu','-1',NULL,NULL,'2018-07-16 19:39:46','1','管理员',NULL,NULL,NULL,NULL,NULL,NULL,NULL,NULL,NULL,'ac88ceb386aa4231b09bf472cb937c24','1'),('2e2d67b4f9274f1e89c0c51478f59c17','268fd8c30e654ce49a463cd56da4487a','group','21','button','-1',NULL,NULL,'2018-07-11 11:37:18','1','管理员',NULL,NULL,NULL,NULL,NULL,NULL,NULL,NULL,NULL,'ac88ceb386aa4231b09bf472cb937c24','0'),('2e2fbed8ebfd4acf8aec52de4f7e44d7','641645b3143f4c5b9dab15aff52bc53f','group','34','menu','-1',NULL,NULL,'2018-07-16 19:39:46','1','管理员',NULL,NULL,NULL,NULL,NULL,NULL,NULL,NULL,NULL,'ac88ceb386aa4231b09bf472cb937c24','1'),('2f384c99ff1a43338f409b110a3699c0','641645b3143f4c5b9dab15aff52bc53f','group','88076aff1c914839886a0367e3176392','menu','-1',NULL,NULL,'2018-07-16 19:39:46','1','管理员',NULL,NULL,NULL,NULL,NULL,NULL,NULL,NULL,NULL,'ac88ceb386aa4231b09bf472cb937c24','1'),('2f484e40bdef417b8947e469df672dcf','12af673457474b8f9f90eaffce28185c','group','35','button','-1',NULL,NULL,'2018-07-11 11:36:40','1','管理员',NULL,NULL,NULL,NULL,NULL,NULL,NULL,NULL,NULL,'ac88ceb386aa4231b09bf472cb937c24','0'),('2f643a3c464146d2b4796f405f87a049','366af0a7fd79453fbe54c0d24917ec4b','group','b5211cc69d234b28a97f27e63edc9a58','menu','-1',NULL,NULL,NULL,NULL,NULL,NULL,NULL,NULL,NULL,NULL,NULL,NULL,NULL,NULL,NULL,'0'),('31263c0e45d843bbb2d3c27136c4920c','258651cfd4ca41cbaa70d1b233659b5c','group','22','button','-1',NULL,NULL,NULL,NULL,NULL,NULL,NULL,NULL,NULL,NULL,NULL,NULL,NULL,NULL,NULL,'1'),('31f1a54e94174ea5917a4112c86d8fb6','641645b3143f4c5b9dab15aff52bc53f','group','22','button','-1',NULL,NULL,'2018-07-16 19:26:50','1','管理员',NULL,NULL,NULL,NULL,NULL,NULL,NULL,NULL,NULL,'ac88ceb386aa4231b09bf472cb937c24','0'),('32fd0f08ed77450c89e161cd01c5dcfb','258651cfd4ca41cbaa70d1b233659b5c','group','48','button','-1',NULL,NULL,NULL,NULL,NULL,NULL,NULL,NULL,NULL,NULL,NULL,NULL,NULL,NULL,NULL,'0'),('3303694656e849a6a465b187cff24e41','258651cfd4ca41cbaa70d1b233659b5c','group','85c4fcd8669841c595582860c98931bb','menu','-1',NULL,NULL,'2018-07-16 11:36:29','1','管理员',NULL,NULL,NULL,NULL,NULL,NULL,NULL,NULL,NULL,'ac88ceb386aa4231b09bf472cb937c24','0'),('3421b7806bf049309762b3e5ef30d52c','258651cfd4ca41cbaa70d1b233659b5c','group','19','button','-1',NULL,NULL,NULL,NULL,NULL,NULL,NULL,NULL,NULL,NULL,NULL,NULL,NULL,NULL,NULL,'1'),('346eb3a2e8c44e7aa6e7fdebe23356e8','268fd8c30e654ce49a463cd56da4487a','group','375b04fe927c44e88593d02670acd90f','button','-1',NULL,NULL,'2018-07-11 11:37:18','1','管理员',NULL,NULL,NULL,NULL,NULL,NULL,NULL,NULL,NULL,'ac88ceb386aa4231b09bf472cb937c24','0'),('3487fbfc3f5346169b2c1c05e269a33f','258651cfd4ca41cbaa70d1b233659b5c','group','13','menu','-1',NULL,NULL,'2018-07-16 11:36:29','1','管理员',NULL,NULL,NULL,NULL,NULL,NULL,NULL,NULL,NULL,'ac88ceb386aa4231b09bf472cb937c24','0'),('349ae50eded647a0be4073e3a1c3248b','b0bfc23bd12f47418044c556405b52ac','group','13','menu','-1',NULL,NULL,'2018-03-06 08:31:38','a1a2cb17b4f24e50bbde2f1b8a233bcb','测试租户',NULL,NULL,NULL,NULL,NULL,NULL,NULL,NULL,NULL,'1ec08564dcc344018d6aaa910068f0f0','0'),('352f2c6cc8cf42d2815d17f1a6c8ba26','268fd8c30e654ce49a463cd56da4487a','group','8b5ca843e8474bc9b7eda88d194fa837','menu','-1',NULL,NULL,'2018-08-02 09:45:44','1','管理员',NULL,NULL,NULL,NULL,NULL,NULL,NULL,NULL,NULL,'ac88ceb386aa4231b09bf472cb937c24','0'),('3590c82c9fe64d0f92df49fad454ff89','268fd8c30e654ce49a463cd56da4487a','group','8f948240fc994182b0b9e25903b0d17e','menu','-1',NULL,NULL,'2018-07-15 18:29:00','1','管理员',NULL,NULL,NULL,NULL,NULL,NULL,NULL,NULL,NULL,'ac88ceb386aa4231b09bf472cb937c24','1'),('35e79f43a44a430dba65fd0a0cfa6691','258651cfd4ca41cbaa70d1b233659b5c','group','41','button','-1',NULL,NULL,NULL,NULL,NULL,NULL,NULL,NULL,NULL,NULL,NULL,NULL,NULL,NULL,NULL,'0'),('3668fab7430f4097ba7b9d8271491efd','12af673457474b8f9f90eaffce28185c','group','28','button','-1',NULL,NULL,'2018-07-11 11:36:13','1','管理员',NULL,NULL,NULL,NULL,NULL,NULL,NULL,NULL,NULL,'ac88ceb386aa4231b09bf472cb937c24','0'),('37be16768b2a487a87743bbae763b19e','-1','group','1','menu','-1',NULL,NULL,'2018-03-06 09:56:51','a1a2cb17b4f24e50bbde2f1b8a233bcb','测试租户',NULL,NULL,NULL,NULL,NULL,NULL,NULL,NULL,NULL,'1ec08564dcc344018d6aaa910068f0f0','0'),('39326715dd254f07a7a582ff336ff9bd','641645b3143f4c5b9dab15aff52bc53f','group','20','button','-1',NULL,NULL,'2018-07-16 19:26:50','1','管理员',NULL,NULL,NULL,NULL,NULL,NULL,NULL,NULL,NULL,'ac88ceb386aa4231b09bf472cb937c24','0'),('39fd3002e3ae43e787c260c648271110','258651cfd4ca41cbaa70d1b233659b5c','group','7574b969c9fa4e5895d6cc9c2b8a9a62','menu','-1',NULL,NULL,'2018-07-16 11:36:29','1','管理员',NULL,NULL,NULL,NULL,NULL,NULL,NULL,NULL,NULL,'ac88ceb386aa4231b09bf472cb937c24','0'),('3a1d86b533274265ad2ec10cfc941de9','641645b3143f4c5b9dab15aff52bc53f','group','33677cfb621e42fc869e0ad120336af6','menu','-1',NULL,NULL,'2018-07-17 09:44:20','1','管理员',NULL,NULL,NULL,NULL,NULL,NULL,NULL,NULL,NULL,'ac88ceb386aa4231b09bf472cb937c24','0'),('3ad89a3bf7244c6f915eb0039eaf5fdb','b0bfc23bd12f47418044c556405b52ac','group','28','button','-1',NULL,NULL,'2018-03-06 11:34:07','a1a2cb17b4f24e50bbde2f1b8a233bcb','测试租户',NULL,NULL,NULL,NULL,NULL,NULL,NULL,NULL,NULL,'1ec08564dcc344018d6aaa910068f0f0','0'),('3b9a8c26839f457c85f6da228e872750','268fd8c30e654ce49a463cd56da4487a','group','49','button','-1',NULL,NULL,'2018-07-11 11:37:24','1','管理员',NULL,NULL,NULL,NULL,NULL,NULL,NULL,NULL,NULL,'ac88ceb386aa4231b09bf472cb937c24','0'),('3c53177496ec4bf4bed2897e593a60c2','641645b3143f4c5b9dab15aff52bc53f','group','35','menu','-1',NULL,NULL,'2018-07-16 19:39:46','1','管理员',NULL,NULL,NULL,NULL,NULL,NULL,NULL,NULL,NULL,'ac88ceb386aa4231b09bf472cb937c24','1'),('3d570977673840d88581d403f9674177','268fd8c30e654ce49a463cd56da4487a','group','56a127e7f8d14d7bb6172dd0d4bfa621','button','-1',NULL,NULL,'2018-07-20 09:28:41','1','管理员',NULL,NULL,NULL,NULL,NULL,NULL,NULL,NULL,NULL,'ac88ceb386aa4231b09bf472cb937c24','0'),('3db24588b3684f909b90ca8efbb12553','12af673457474b8f9f90eaffce28185c','group','21','button','-1',NULL,NULL,'2018-07-11 11:36:03','1','管理员',NULL,NULL,NULL,NULL,NULL,NULL,NULL,NULL,NULL,'ac88ceb386aa4231b09bf472cb937c24','0'),('3df33878d9d14cdbbd00b334cabf167f','641645b3143f4c5b9dab15aff52bc53f','group','bb9bd4ab26e4497f8558a944e9f614bf','menu','-1',NULL,NULL,'2018-07-17 09:44:20','1','管理员',NULL,NULL,NULL,NULL,NULL,NULL,NULL,NULL,NULL,'ac88ceb386aa4231b09bf472cb937c24','0'),('3e20c26534ec4113a9d9282ec38c019e','12af673457474b8f9f90eaffce28185c','group','54cc6e318fb34249923b4dc61dba6ca7','menu','-1',NULL,NULL,'2018-07-11 11:30:43','1','管理员',NULL,NULL,NULL,NULL,NULL,NULL,NULL,NULL,NULL,'ac88ceb386aa4231b09bf472cb937c24','1'),('3e7dfb6d37d846d697bdd3ec1a32eb94','258651cfd4ca41cbaa70d1b233659b5c','group','56','button','-1',NULL,NULL,NULL,NULL,NULL,NULL,NULL,NULL,NULL,NULL,NULL,NULL,NULL,NULL,NULL,'1'),('3f2d3b1afc2149739e2f24f35f0e5198','641645b3143f4c5b9dab15aff52bc53f','group','7','menu','-1',NULL,NULL,'2018-07-17 09:44:20','1','管理员',NULL,NULL,NULL,NULL,NULL,NULL,NULL,NULL,NULL,'ac88ceb386aa4231b09bf472cb937c24','0'),('3f306f8e4f6c407c83216883dc59b7f2','258651cfd4ca41cbaa70d1b233659b5c','group','103593127199487794f9fd8fd573db5f','button','-1',NULL,NULL,NULL,NULL,NULL,NULL,NULL,NULL,NULL,NULL,NULL,NULL,NULL,NULL,NULL,'1'),('3fb62601c7914eab9a07e54f172967e4','258651cfd4ca41cbaa70d1b233659b5c','group','38659fc385084bce8dcd7e77bfa89234','menu','-1',NULL,NULL,'2018-07-16 11:36:29','1','管理员',NULL,NULL,NULL,NULL,NULL,NULL,NULL,NULL,NULL,'ac88ceb386aa4231b09bf472cb937c24','0'),('4083a9dc9fcc4552bdc0aa55e831a866','12af673457474b8f9f90eaffce28185c','group','21','menu','-1',NULL,NULL,'2018-07-16 19:21:32','1','管理员',NULL,NULL,NULL,NULL,NULL,NULL,NULL,NULL,NULL,'ac88ceb386aa4231b09bf472cb937c24','0'),('41c333ccdd9b46d2906a09f5c943bda8','258651cfd4ca41cbaa70d1b233659b5c','group','fe7d4b6fae2146e597c5b434aeab6f9e','menu','-1',NULL,NULL,'2018-07-16 11:36:29','1','管理员',NULL,NULL,NULL,NULL,NULL,NULL,NULL,NULL,NULL,'ac88ceb386aa4231b09bf472cb937c24','0'),('4247a4cb8d4a4447ab1866de138bb74c','268fd8c30e654ce49a463cd56da4487a','group','55','button','-1',NULL,NULL,'2018-07-11 11:37:24','1','管理员',NULL,NULL,NULL,NULL,NULL,NULL,NULL,NULL,NULL,'ac88ceb386aa4231b09bf472cb937c24','0'),('43588cc290894ff4bdebc654a06e0f7d','258651cfd4ca41cbaa70d1b233659b5c','group','a3dc715135b046f4a6808f221ef2898a','menu','-1',NULL,NULL,'2018-07-16 11:36:29','1','管理员',NULL,NULL,NULL,NULL,NULL,NULL,NULL,NULL,NULL,'ac88ceb386aa4231b09bf472cb937c24','0'),('44882dfcaf154d759dfae8430976a2b3','268fd8c30e654ce49a463cd56da4487a','group','c414e593ea7443ffa0c7b8ee1d1d9125','menu','-1',NULL,NULL,'2018-07-15 18:29:00','1','管理员',NULL,NULL,NULL,NULL,NULL,NULL,NULL,NULL,NULL,'ac88ceb386aa4231b09bf472cb937c24','1'),('448839101c8948caae5bf50b7a577895','268fd8c30e654ce49a463cd56da4487a','group','d765d735278c455e92c900460e0d4df9','menu','-1',NULL,NULL,'2018-08-02 09:45:44','1','管理员',NULL,NULL,NULL,NULL,NULL,NULL,NULL,NULL,NULL,'ac88ceb386aa4231b09bf472cb937c24','0'),('452bf32e20b94e0c8081448dc5153cf0','268fd8c30e654ce49a463cd56da4487a','group','13','menu','-1',NULL,NULL,'2018-08-02 09:45:44','1','管理员',NULL,NULL,NULL,NULL,NULL,NULL,NULL,NULL,NULL,'ac88ceb386aa4231b09bf472cb937c24','0'),('45af7e4c022f4dfd8e78d02f3fdac29e','268fd8c30e654ce49a463cd56da4487a','group','c77d8becf6284b128007007d55cddcc0','button','-1',NULL,NULL,'2018-07-27 09:42:02','1','管理员',NULL,NULL,NULL,NULL,NULL,NULL,NULL,NULL,NULL,'ac88ceb386aa4231b09bf472cb937c24','0'),('469e8c81b2704adc8c4b0819eee892d3','258651cfd4ca41cbaa70d1b233659b5c','group','17','button','-1',NULL,NULL,NULL,NULL,NULL,NULL,NULL,NULL,NULL,NULL,NULL,NULL,NULL,NULL,NULL,'0'),('474ec8f04bab44bfbe5136581b411bef','641645b3143f4c5b9dab15aff52bc53f','group','16518e458bd04250b8c693d52a97471c','menu','-1',NULL,NULL,'2018-07-16 19:39:46','1','管理员',NULL,NULL,NULL,NULL,NULL,NULL,NULL,NULL,NULL,'ac88ceb386aa4231b09bf472cb937c24','1'),('477e7d319b2f4140aad2618f512e9221','268fd8c30e654ce49a463cd56da4487a','group','0b616b660e5247a491b85bcec9066751','menu','-1',NULL,NULL,'2018-08-02 09:45:44','1','管理员',NULL,NULL,NULL,NULL,NULL,NULL,NULL,NULL,NULL,'ac88ceb386aa4231b09bf472cb937c24','0'),('486d95c66505416898fea812f956400f','b0bfc23bd12f47418044c556405b52ac','group','7','menu','-1',NULL,NULL,'2018-03-06 08:31:38','a1a2cb17b4f24e50bbde2f1b8a233bcb','测试租户',NULL,NULL,NULL,NULL,NULL,NULL,NULL,NULL,NULL,'1ec08564dcc344018d6aaa910068f0f0','0'),('4990b7b3e33f4270ac90189b53758c54','258651cfd4ca41cbaa70d1b233659b5c','group','ea0ccc82f967402fa414209c8d4976f8','menu','-1',NULL,NULL,'2018-07-16 11:36:29','1','管理员',NULL,NULL,NULL,NULL,NULL,NULL,NULL,NULL,NULL,'ac88ceb386aa4231b09bf472cb937c24','0'),('49c680de0f8d45f19f7355d7d6b7dcc3','641645b3143f4c5b9dab15aff52bc53f','group','21','menu','-1',NULL,NULL,'2018-07-16 19:39:46','1','管理员',NULL,NULL,NULL,NULL,NULL,NULL,NULL,NULL,NULL,'ac88ceb386aa4231b09bf472cb937c24','1'),('4afb3375162b488da32ae8f7870c4e40','268fd8c30e654ce49a463cd56da4487a','group','e4cb51720bb84653991070292f2dfa9c','menu','-1',NULL,NULL,'2018-07-15 18:29:00','1','管理员',NULL,NULL,NULL,NULL,NULL,NULL,NULL,NULL,NULL,'ac88ceb386aa4231b09bf472cb937c24','1'),('4b54abea1c5e47a1ae0a1000521bb534','12af673457474b8f9f90eaffce28185c','group','13','menu','-1',NULL,NULL,'2018-07-11 11:30:43','1','管理员',NULL,NULL,NULL,NULL,NULL,NULL,NULL,NULL,NULL,'ac88ceb386aa4231b09bf472cb937c24','1'),('4b59767984d64c7f8466923960f8db7c','268fd8c30e654ce49a463cd56da4487a','group','b403e033fb1e4206aecb09dcf80c6b04','button','-1',NULL,NULL,'2018-07-27 09:42:10','1','管理员',NULL,NULL,NULL,NULL,NULL,NULL,NULL,NULL,NULL,'ac88ceb386aa4231b09bf472cb937c24','0'),('4be34c6fa227493dbce35a7635ed093c','12af673457474b8f9f90eaffce28185c','group','22','button','-1',NULL,NULL,'2018-07-11 11:36:11','1','管理员',NULL,NULL,NULL,NULL,NULL,NULL,NULL,NULL,NULL,'ac88ceb386aa4231b09bf472cb937c24','0'),('4c1cca4e0e044f7a8143dfb9cddbf720','641645b3143f4c5b9dab15aff52bc53f','group','21','button','-1',NULL,NULL,'2018-07-16 19:26:50','1','管理员',NULL,NULL,NULL,NULL,NULL,NULL,NULL,NULL,NULL,'ac88ceb386aa4231b09bf472cb937c24','0'),('4c9286c5e79f447a893a3de870cc8c24','641645b3143f4c5b9dab15aff52bc53f','group','20','button','-1',NULL,NULL,'2018-07-16 19:39:45','1','管理员',NULL,NULL,NULL,NULL,NULL,NULL,NULL,NULL,NULL,'ac88ceb386aa4231b09bf472cb937c24','1'),('4cf691af71fd4ac4a1fc48d232d56687','258651cfd4ca41cbaa70d1b233659b5c','group','21','menu','-1',NULL,NULL,'2018-07-16 11:36:29','1','管理员',NULL,NULL,NULL,NULL,NULL,NULL,NULL,NULL,NULL,'ac88ceb386aa4231b09bf472cb937c24','0'),('4da6d7ebdbe3441ca37114dba9ef1a33','268fd8c30e654ce49a463cd56da4487a','group','8a97eb6b7bb241cba8a3ec7c6bb458dd','menu','-1',NULL,NULL,'2018-07-15 18:29:00','1','管理员',NULL,NULL,NULL,NULL,NULL,NULL,NULL,NULL,NULL,'ac88ceb386aa4231b09bf472cb937c24','1'),('4e190c5dfb254eedba1171039675b01a','12af673457474b8f9f90eaffce28185c','group','375b04fe927c44e88593d02670acd90f','button','-1',NULL,NULL,'2018-07-11 11:36:15','1','管理员',NULL,NULL,NULL,NULL,NULL,NULL,NULL,NULL,NULL,'ac88ceb386aa4231b09bf472cb937c24','0'),('4edd1addd41f4ae9b8fc277d599a9071','268fd8c30e654ce49a463cd56da4487a','group','-1','menu','-1',NULL,NULL,'2018-08-02 09:45:44','1','管理员',NULL,NULL,NULL,NULL,NULL,NULL,NULL,NULL,NULL,'ac88ceb386aa4231b09bf472cb937c24','0'),('4f144c816618461c824f5936e8f53cd8','258651cfd4ca41cbaa70d1b233659b5c','group','3','button','-1',NULL,NULL,NULL,NULL,NULL,NULL,NULL,NULL,NULL,NULL,NULL,NULL,NULL,NULL,NULL,'1'),('50322a16c8c34da6aed0e30118304c55','268fd8c30e654ce49a463cd56da4487a','group','16518e458bd04250b8c693d52a97471c','menu','-1',NULL,NULL,'2018-07-15 18:29:00','1','管理员',NULL,NULL,NULL,NULL,NULL,NULL,NULL,NULL,NULL,'ac88ceb386aa4231b09bf472cb937c24','1'),('52310c257ca646d5a76d6c99a450346c','641645b3143f4c5b9dab15aff52bc53f','group','1','menu','-1',NULL,NULL,'2018-07-16 19:39:46','1','管理员',NULL,NULL,NULL,NULL,NULL,NULL,NULL,NULL,NULL,'ac88ceb386aa4231b09bf472cb937c24','1'),('524eeb7830084a348080efe6ff70313f','258651cfd4ca41cbaa70d1b233659b5c','group','c2f8d4f81435418c904cb163dd6a2d52','menu','-1',NULL,NULL,'2018-07-16 11:36:29','1','管理员',NULL,NULL,NULL,NULL,NULL,NULL,NULL,NULL,NULL,'ac88ceb386aa4231b09bf472cb937c24','0'),('52cb48b53e3e43f082a3fd9545d92f78','268fd8c30e654ce49a463cd56da4487a','group','39925b8263664c9e923f9c34f9bc2a37','button','-1',NULL,NULL,'2018-07-15 20:51:17','1','管理员',NULL,NULL,NULL,NULL,NULL,NULL,NULL,NULL,NULL,'ac88ceb386aa4231b09bf472cb937c24','0'),('5368e205c8cc405bb8580f3abba29bc2','12af673457474b8f9f90eaffce28185c','group','52','button','-1',NULL,NULL,'2018-07-11 11:36:34','1','管理员',NULL,NULL,NULL,NULL,NULL,NULL,NULL,NULL,NULL,'ac88ceb386aa4231b09bf472cb937c24','0'),('53e6590fb5474459a930ac2bdc37d90f','268fd8c30e654ce49a463cd56da4487a','group','1fbe742445ec42cf8ce3614c5921315a','menu','-1',NULL,NULL,'2018-08-02 09:45:44','1','管理员',NULL,NULL,NULL,NULL,NULL,NULL,NULL,NULL,NULL,'ac88ceb386aa4231b09bf472cb937c24','0'),('541967a39ee84b4bbdaf8ff4f9c2ac44','268fd8c30e654ce49a463cd56da4487a','group','eb2f4334c525416d87dc14c1ac974149','menu','-1',NULL,NULL,'2018-08-02 09:45:44','1','管理员',NULL,NULL,NULL,NULL,NULL,NULL,NULL,NULL,NULL,'ac88ceb386aa4231b09bf472cb937c24','0'),('59c8d62b9a484073b83384951c4b8257','641645b3143f4c5b9dab15aff52bc53f','group','efed244e86d442fe9f8661b7a2acd3d0','menu','-1',NULL,NULL,'2018-07-17 09:44:20','1','管理员',NULL,NULL,NULL,NULL,NULL,NULL,NULL,NULL,NULL,'ac88ceb386aa4231b09bf472cb937c24','0'),('5a2ba2451ebf447f825bcecf450555f4','268fd8c30e654ce49a463cd56da4487a','group','d2773b3568c6438c8f9cc21b06b660ee','button','-1',NULL,NULL,'2018-07-15 20:51:17','1','管理员',NULL,NULL,NULL,NULL,NULL,NULL,NULL,NULL,NULL,'ac88ceb386aa4231b09bf472cb937c24','0'),('5a602188cf2d49ed9e306e23730fba78','268fd8c30e654ce49a463cd56da4487a','group','59','button','-1',NULL,NULL,'2018-07-15 20:51:17','1','管理员',NULL,NULL,NULL,NULL,NULL,NULL,NULL,NULL,NULL,'ac88ceb386aa4231b09bf472cb937c24','0'),('5a8f79528c884c169ad88efcfc418af8','268fd8c30e654ce49a463cd56da4487a','group','8310bfa4063b46a6b7972db01f2a9ad1','menu','-1',NULL,NULL,'2018-07-15 18:29:00','1','管理员',NULL,NULL,NULL,NULL,NULL,NULL,NULL,NULL,NULL,'ac88ceb386aa4231b09bf472cb937c24','1'),('5b8e614dcab0403d8d26f2dee3b29c1c','268fd8c30e654ce49a463cd56da4487a','group','7','menu','-1',NULL,NULL,'2018-08-02 09:45:44','1','管理员',NULL,NULL,NULL,NULL,NULL,NULL,NULL,NULL,NULL,'ac88ceb386aa4231b09bf472cb937c24','0'),('5bbb4f13a5a64c9f9e22aeaa8c7110fe','12af673457474b8f9f90eaffce28185c','group','15','button','-1',NULL,NULL,'2018-07-11 11:36:25','1','管理员',NULL,NULL,NULL,NULL,NULL,NULL,NULL,NULL,NULL,'ac88ceb386aa4231b09bf472cb937c24','0'),('5c0b4b58965a4e1189f27c7da47a43ae','641645b3143f4c5b9dab15aff52bc53f','group','dda5528222cf48f4bc220cc3afbe7c95','menu','-1',NULL,NULL,'2018-07-17 09:44:20','1','管理员',NULL,NULL,NULL,NULL,NULL,NULL,NULL,NULL,NULL,'ac88ceb386aa4231b09bf472cb937c24','0'),('5c23525cf013495c8a346a51019675e9','641645b3143f4c5b9dab15aff52bc53f','group','7494902cc9e948668e51f4596042b084','menu','-1',NULL,NULL,'2018-07-16 19:39:46','1','管理员',NULL,NULL,NULL,NULL,NULL,NULL,NULL,NULL,NULL,'ac88ceb386aa4231b09bf472cb937c24','1'),('5d0d39408110456fa13dec489057ef2e','268fd8c30e654ce49a463cd56da4487a','group','8b5ca843e8474bc9b7eda88d194fa837','menu','-1',NULL,NULL,'2018-07-15 18:29:00','1','管理员',NULL,NULL,NULL,NULL,NULL,NULL,NULL,NULL,NULL,'ac88ceb386aa4231b09bf472cb937c24','1'),('5e6b4e272c7e479b8269bcdf8cc9e2c0','258651cfd4ca41cbaa70d1b233659b5c','group','27','menu','-1',NULL,NULL,'2018-07-16 11:36:29','1','管理员',NULL,NULL,NULL,NULL,NULL,NULL,NULL,NULL,NULL,'ac88ceb386aa4231b09bf472cb937c24','0'),('5e6f0a63e02f4fd38fb7aa244ceaa708','268fd8c30e654ce49a463cd56da4487a','group','dda5528222cf48f4bc220cc3afbe7c95','menu','-1',NULL,NULL,'2018-07-15 18:29:00','1','管理员',NULL,NULL,NULL,NULL,NULL,NULL,NULL,NULL,NULL,'ac88ceb386aa4231b09bf472cb937c24','1'),('5e854844e5544be69490ed02d2ed8b25','641645b3143f4c5b9dab15aff52bc53f','group','33','menu','-1',NULL,NULL,'2018-07-16 19:39:46','1','管理员',NULL,NULL,NULL,NULL,NULL,NULL,NULL,NULL,NULL,'ac88ceb386aa4231b09bf472cb937c24','1'),('5f54a595318745ab8e867782c8024e26','258651cfd4ca41cbaa70d1b233659b5c','group','97cca20bd608406ea25cfee3a6af7c6b','menu','-1',NULL,NULL,'2018-07-16 11:36:29','1','管理员',NULL,NULL,NULL,NULL,NULL,NULL,NULL,NULL,NULL,'ac88ceb386aa4231b09bf472cb937c24','0'),('5f7be9ff9a7b49c8ac5a809d6696f5cd','a38aa1d3913742ec86370a17b2ed0507','group','5','button','-1',NULL,NULL,'2018-03-06 11:30:50','a1a2cb17b4f24e50bbde2f1b8a233bcb','测试租户',NULL,NULL,NULL,NULL,NULL,NULL,NULL,NULL,NULL,'1ec08564dcc344018d6aaa910068f0f0','0'),('6027aa841e104c9a9ce3eefa176d2881','b0bfc23bd12f47418044c556405b52ac','group','6','menu','-1',NULL,NULL,'2018-03-06 08:31:38','a1a2cb17b4f24e50bbde2f1b8a233bcb','测试租户',NULL,NULL,NULL,NULL,NULL,NULL,NULL,NULL,NULL,'1ec08564dcc344018d6aaa910068f0f0','0'),('6116121c0283433a8b74ff25c70a8700','258651cfd4ca41cbaa70d1b233659b5c','group','21','button','-1',NULL,NULL,NULL,NULL,NULL,NULL,NULL,NULL,NULL,NULL,NULL,NULL,NULL,NULL,NULL,'0'),('6128eb1d9b4c454c9b652caf1e792d7b','268fd8c30e654ce49a463cd56da4487a','group','228ee167e2f84ec58d2b4cdcd53ba00a','menu','-1',NULL,NULL,'2018-07-15 18:29:00','1','管理员',NULL,NULL,NULL,NULL,NULL,NULL,NULL,NULL,NULL,'ac88ceb386aa4231b09bf472cb937c24','1'),('6150b9f1b6ab4847bf96449233ec6b94','268fd8c30e654ce49a463cd56da4487a','group','683a890281614384bf025a199eb0eb3c','menu','-1',NULL,NULL,'2018-08-02 09:45:44','1','管理员',NULL,NULL,NULL,NULL,NULL,NULL,NULL,NULL,NULL,'ac88ceb386aa4231b09bf472cb937c24','0'),('62bb35e5701140728ded4a7a430be04b','641645b3143f4c5b9dab15aff52bc53f','group','19','button','-1',NULL,NULL,'2018-07-16 19:39:45','1','管理员',NULL,NULL,NULL,NULL,NULL,NULL,NULL,NULL,NULL,'ac88ceb386aa4231b09bf472cb937c24','1'),('63a3ce4272bd4af5951b424e8a4da1ee','12af673457474b8f9f90eaffce28185c','group','34','button','-1',NULL,NULL,'2018-07-11 11:36:40','1','管理员',NULL,NULL,NULL,NULL,NULL,NULL,NULL,NULL,NULL,'ac88ceb386aa4231b09bf472cb937c24','0'),('63e76a5f7d184a9083110eb905d3fec4','268fd8c30e654ce49a463cd56da4487a','group','0a97822a9b1748bdb62de65285cb8aff','menu','-1',NULL,NULL,'2018-07-15 18:29:00','1','管理员',NULL,NULL,NULL,NULL,NULL,NULL,NULL,NULL,NULL,'ac88ceb386aa4231b09bf472cb937c24','1'),('641cf5b50aa042589ce6fea304139bd8','258651cfd4ca41cbaa70d1b233659b5c','group','-1','menu','-1',NULL,NULL,'2018-07-16 11:36:29','1','管理员',NULL,NULL,NULL,NULL,NULL,NULL,NULL,NULL,NULL,'ac88ceb386aa4231b09bf472cb937c24','0'),('64587eea883f4a188af1637f1773863d','b0bfc23bd12f47418044c556405b52ac','group','3','button','-1',NULL,NULL,'2018-03-06 08:30:41','a1a2cb17b4f24e50bbde2f1b8a233bcb','测试租户',NULL,NULL,NULL,NULL,NULL,NULL,NULL,NULL,NULL,'1ec08564dcc344018d6aaa910068f0f0','0'),('6462a77688ad42e1b27b67c0405a5e63','-1','group','5','menu','-1',NULL,NULL,'2018-03-06 09:57:13','a1a2cb17b4f24e50bbde2f1b8a233bcb','测试租户',NULL,NULL,NULL,NULL,NULL,NULL,NULL,NULL,NULL,'1ec08564dcc344018d6aaa910068f0f0','1'),('64c90943373e4f5697040cc324d2bbd4','12af673457474b8f9f90eaffce28185c','group','50','button','-1',NULL,NULL,'2018-07-11 11:36:34','1','管理员',NULL,NULL,NULL,NULL,NULL,NULL,NULL,NULL,NULL,'ac88ceb386aa4231b09bf472cb937c24','0'),('6507b43d009249d0b50af6997eb1ef05','12af673457474b8f9f90eaffce28185c','group','11','button','-1',NULL,NULL,'2018-07-11 11:36:21','1','管理员',NULL,NULL,NULL,NULL,NULL,NULL,NULL,NULL,NULL,'ac88ceb386aa4231b09bf472cb937c24','0'),('6600143d05404def86bc44f320fb7041','268fd8c30e654ce49a463cd56da4487a','group','29','menu','-1',NULL,NULL,'2018-08-02 09:45:44','1','管理员',NULL,NULL,NULL,NULL,NULL,NULL,NULL,NULL,NULL,'ac88ceb386aa4231b09bf472cb937c24','0'),('671a22ed03964d06a84b6c64bffe6439','641645b3143f4c5b9dab15aff52bc53f','group','22','button','-1',NULL,NULL,'2018-07-16 19:39:45','1','管理员',NULL,NULL,NULL,NULL,NULL,NULL,NULL,NULL,NULL,'ac88ceb386aa4231b09bf472cb937c24','1'),('6726912ad4c849fd8de01752dd04b6a7','268fd8c30e654ce49a463cd56da4487a','group','14','button','-1',NULL,NULL,'2018-07-11 11:37:21','1','管理员',NULL,NULL,NULL,NULL,NULL,NULL,NULL,NULL,NULL,'ac88ceb386aa4231b09bf472cb937c24','0'),('67bb360543244647b9fccd4771e0f5ec','641645b3143f4c5b9dab15aff52bc53f','group','18','button','-1',NULL,NULL,'2018-07-16 19:37:09','1','管理员',NULL,NULL,NULL,NULL,NULL,NULL,NULL,NULL,NULL,'ac88ceb386aa4231b09bf472cb937c24','0'),('68b5b3212b0749b4b9e37e9549046b3b','12af673457474b8f9f90eaffce28185c','group','07a8365e204743159ba624f99e0a2159','menu','-1',NULL,NULL,'2018-07-11 11:30:43','1','管理员',NULL,NULL,NULL,NULL,NULL,NULL,NULL,NULL,NULL,'ac88ceb386aa4231b09bf472cb937c24','1'),('68c498c2058d446293d70fd08238c9a1','258651cfd4ca41cbaa70d1b233659b5c','group','70d6725405544fe18315ed4dd8c44c5f','menu','-1',NULL,NULL,'2018-07-16 11:36:29','1','管理员',NULL,NULL,NULL,NULL,NULL,NULL,NULL,NULL,NULL,'ac88ceb386aa4231b09bf472cb937c24','0'),('68fa891ed57c438186cab73f31bf3937','641645b3143f4c5b9dab15aff52bc53f','group','5d5bcf25c0f3463c926cc269052d6a35','menu','-1',NULL,NULL,'2018-07-16 19:39:46','1','管理员',NULL,NULL,NULL,NULL,NULL,NULL,NULL,NULL,NULL,'ac88ceb386aa4231b09bf472cb937c24','1'),('69388de8e28c4f6f9d0d8186edc18c38','258651cfd4ca41cbaa70d1b233659b5c','group','103593127199487794f9fd8fd573db5f','button','-1',NULL,NULL,NULL,NULL,NULL,NULL,NULL,NULL,NULL,NULL,NULL,NULL,NULL,NULL,NULL,'0'),('6969f9f5b4b24e96be9793971d85dd91','366af0a7fd79453fbe54c0d24917ec4b','group','23','button','-1',NULL,NULL,NULL,NULL,NULL,NULL,NULL,NULL,NULL,NULL,NULL,NULL,NULL,NULL,NULL,'0'),('6a53ebb3a7404c45931587bc92c80b2a','641645b3143f4c5b9dab15aff52bc53f','group','8a97eb6b7bb241cba8a3ec7c6bb458dd','menu','-1',NULL,NULL,'2018-07-16 19:39:46','1','管理员',NULL,NULL,NULL,NULL,NULL,NULL,NULL,NULL,NULL,'ac88ceb386aa4231b09bf472cb937c24','1'),('6b6114349f8d4395a03ab769a299ea43','258651cfd4ca41cbaa70d1b233659b5c','group','28','button','-1',NULL,NULL,NULL,NULL,NULL,NULL,NULL,NULL,NULL,NULL,NULL,NULL,NULL,NULL,NULL,'1'),('6bcb7bbe74bb457bbbc73715cce480d2','12af673457474b8f9f90eaffce28185c','group','48','button','-1',NULL,NULL,'2018-07-11 11:36:34','1','管理员',NULL,NULL,NULL,NULL,NULL,NULL,NULL,NULL,NULL,'ac88ceb386aa4231b09bf472cb937c24','0'),('6bd2bb0514144558941d1d2359eaa27d','12af673457474b8f9f90eaffce28185c','group','17','button','-1',NULL,NULL,'2018-07-11 11:36:00','1','管理员',NULL,NULL,NULL,NULL,NULL,NULL,NULL,NULL,NULL,'ac88ceb386aa4231b09bf472cb937c24','0'),('6d6f8b0c827d466b814ba39d4a5a8ccf','366af0a7fd79453fbe54c0d24917ec4b','group','7a0a75752c7d422abd2e30b7aad744d7','menu','-1',NULL,NULL,NULL,NULL,NULL,NULL,NULL,NULL,NULL,NULL,NULL,NULL,NULL,NULL,NULL,'0'),('6dd51a56cbd6452a9f14dde79c5aff63','268fd8c30e654ce49a463cd56da4487a','group','eb4ffa3a8bf448028d8c06a83640b3ab','button','-1',NULL,NULL,'2018-07-27 09:42:02','1','管理员',NULL,NULL,NULL,NULL,NULL,NULL,NULL,NULL,NULL,'ac88ceb386aa4231b09bf472cb937c24','0'),('6f2ef006d71d4b8883f2b1c9b1f3b0db','268fd8c30e654ce49a463cd56da4487a','group','b8a535e608cd427e9bd1fc936f3a1cf9','button','-1',NULL,NULL,'2018-07-25 10:16:03','1','管理员',NULL,NULL,NULL,NULL,NULL,NULL,NULL,NULL,NULL,'ac88ceb386aa4231b09bf472cb937c24','0'),('6fd8894851d140e09b6762077951f674','b0bfc23bd12f47418044c556405b52ac','group','17','button','-1',NULL,NULL,'2018-03-06 11:34:07','a1a2cb17b4f24e50bbde2f1b8a233bcb','测试租户',NULL,NULL,NULL,NULL,NULL,NULL,NULL,NULL,NULL,'1ec08564dcc344018d6aaa910068f0f0','0'),('70345def316a4721a95beb6266c4e621','258651cfd4ca41cbaa70d1b233659b5c','group','20','button','-1',NULL,NULL,NULL,NULL,NULL,NULL,NULL,NULL,NULL,NULL,NULL,NULL,NULL,NULL,NULL,'1'),('709cd7fe2e7043e9b2bb3c7ece0d66c6','268fd8c30e654ce49a463cd56da4487a','group','13','menu','-1',NULL,NULL,'2018-07-15 18:29:00','1','管理员',NULL,NULL,NULL,NULL,NULL,NULL,NULL,NULL,NULL,'ac88ceb386aa4231b09bf472cb937c24','1'),('714ed72bf4794c05a7bee6b7156b2450','b0bfc23bd12f47418044c556405b52ac','group','375b04fe927c44e88593d02670acd90f','button','-1',NULL,NULL,'2018-03-06 11:34:07','a1a2cb17b4f24e50bbde2f1b8a233bcb','测试租户',NULL,NULL,NULL,NULL,NULL,NULL,NULL,NULL,NULL,'1ec08564dcc344018d6aaa910068f0f0','0'),('71cadbef851d4859bbf00044c9b4485b','641645b3143f4c5b9dab15aff52bc53f','group','29','menu','-1',NULL,NULL,'2018-07-16 19:39:46','1','管理员',NULL,NULL,NULL,NULL,NULL,NULL,NULL,NULL,NULL,'ac88ceb386aa4231b09bf472cb937c24','1'),('71d12f5bc2a544f990e684b4c9460f74','268fd8c30e654ce49a463cd56da4487a','group','a50830c70b9b40d1ac7a9c6709ceac84','menu','-1',NULL,NULL,'2018-08-02 09:45:44','1','管理员',NULL,NULL,NULL,NULL,NULL,NULL,NULL,NULL,NULL,'ac88ceb386aa4231b09bf472cb937c24','0'),('723efacc750d44729471e98584c4e5ad','641645b3143f4c5b9dab15aff52bc53f','group','21','button','-1',NULL,NULL,'2018-07-16 19:37:09','1','管理员',NULL,NULL,NULL,NULL,NULL,NULL,NULL,NULL,NULL,'ac88ceb386aa4231b09bf472cb937c24','0'),('726eee4932cd4ac5892d58520d460f4f','268fd8c30e654ce49a463cd56da4487a','group','53','button','-1',NULL,NULL,'2018-07-11 11:37:24','1','管理员',NULL,NULL,NULL,NULL,NULL,NULL,NULL,NULL,NULL,'ac88ceb386aa4231b09bf472cb937c24','0'),('72f080ca0bf94ba190985b15a45b0c24','268fd8c30e654ce49a463cd56da4487a','group','fcf2c9bcf02a447695c0435e875bcf71','menu','-1',NULL,NULL,'2018-08-02 09:45:44','1','管理员',NULL,NULL,NULL,NULL,NULL,NULL,NULL,NULL,NULL,'ac88ceb386aa4231b09bf472cb937c24','0'),('74ab7b0ea38c4efeaab7b85cf0601280','258651cfd4ca41cbaa70d1b233659b5c','group','16','button','-1',NULL,NULL,NULL,NULL,NULL,NULL,NULL,NULL,NULL,NULL,NULL,NULL,NULL,NULL,NULL,'0'),('74af19fdeac8481eb169a547bb62b124','641645b3143f4c5b9dab15aff52bc53f','group','5d5bcf25c0f3463c926cc269052d6a35','menu','-1',NULL,NULL,'2018-07-17 09:44:20','1','管理员',NULL,NULL,NULL,NULL,NULL,NULL,NULL,NULL,NULL,'ac88ceb386aa4231b09bf472cb937c24','0'),('7538845fffa144a09b5cc804eea7fa74','366af0a7fd79453fbe54c0d24917ec4b','group','-1','menu','-1',NULL,NULL,NULL,NULL,NULL,NULL,NULL,NULL,NULL,NULL,NULL,NULL,NULL,NULL,NULL,'0'),('765d458acb0c4b5cbb9afafa6ebab24c','258651cfd4ca41cbaa70d1b233659b5c','group','7a16202657c3478c8b4ece27a792e026','button','-1',NULL,NULL,NULL,NULL,NULL,NULL,NULL,NULL,NULL,NULL,NULL,NULL,NULL,NULL,NULL,'1'),('77690a95d5f846e3bb19b8170a626f0d','268fd8c30e654ce49a463cd56da4487a','group','5d5bcf25c0f3463c926cc269052d6a35','menu','-1',NULL,NULL,'2018-08-02 09:45:44','1','管理员',NULL,NULL,NULL,NULL,NULL,NULL,NULL,NULL,NULL,'ac88ceb386aa4231b09bf472cb937c24','0'),('776967e442d44f23895050d2a86fc8d3','b0bfc23bd12f47418044c556405b52ac','group','4','button','-1',NULL,NULL,'2018-03-06 08:30:44','a1a2cb17b4f24e50bbde2f1b8a233bcb','测试租户',NULL,NULL,NULL,NULL,NULL,NULL,NULL,NULL,NULL,'1ec08564dcc344018d6aaa910068f0f0','0'),('77e91cd1ecbd475b961c7999603847e1','641645b3143f4c5b9dab15aff52bc53f','group','4ee4f57a2d92494abe2595bff4f32057','button','-1',NULL,NULL,'2018-07-16 19:39:45','1','管理员',NULL,NULL,NULL,NULL,NULL,NULL,NULL,NULL,NULL,'ac88ceb386aa4231b09bf472cb937c24','1'),('786cd17984134647ad1e34594c887ace','268fd8c30e654ce49a463cd56da4487a','group','51','button','-1',NULL,NULL,'2018-07-11 11:37:24','1','管理员',NULL,NULL,NULL,NULL,NULL,NULL,NULL,NULL,NULL,'ac88ceb386aa4231b09bf472cb937c24','0'),('7925a385408a4a21a99182268a9fe1ae','258651cfd4ca41cbaa70d1b233659b5c','group','57','button','-1',NULL,NULL,NULL,NULL,NULL,NULL,NULL,NULL,NULL,NULL,NULL,NULL,NULL,NULL,NULL,'0'),('792ec11ab6f343089a29947e7f6496bb','12af673457474b8f9f90eaffce28185c','group','1','menu','-1',NULL,NULL,'2018-07-16 19:21:32','1','管理员',NULL,NULL,NULL,NULL,NULL,NULL,NULL,NULL,NULL,'ac88ceb386aa4231b09bf472cb937c24','0'),('7947259875484fcd87f0016fc7cd9213','641645b3143f4c5b9dab15aff52bc53f','group','cd4b3e8511874c34b6a8423d3d566025','menu','-1',NULL,NULL,'2018-07-17 09:44:20','1','管理员',NULL,NULL,NULL,NULL,NULL,NULL,NULL,NULL,NULL,'ac88ceb386aa4231b09bf472cb937c24','0'),('7a21af3f9d68482cbcf0d73dab81907e','641645b3143f4c5b9dab15aff52bc53f','group','17','button','-1',NULL,NULL,'2018-07-16 19:26:50','1','管理员',NULL,NULL,NULL,NULL,NULL,NULL,NULL,NULL,NULL,'ac88ceb386aa4231b09bf472cb937c24','0'),('7b3a035fb7a8442085f5dd2e7dcb78e5','268fd8c30e654ce49a463cd56da4487a','group','52','button','-1',NULL,NULL,'2018-07-11 11:37:24','1','管理员',NULL,NULL,NULL,NULL,NULL,NULL,NULL,NULL,NULL,'ac88ceb386aa4231b09bf472cb937c24','0'),('7c2308b4f49d4c3984ee2eb228486875','258651cfd4ca41cbaa70d1b233659b5c','group','7a0a75752c7d422abd2e30b7aad744d7','menu','-1',NULL,NULL,'2018-07-16 11:36:29','1','管理员',NULL,NULL,NULL,NULL,NULL,NULL,NULL,NULL,NULL,'ac88ceb386aa4231b09bf472cb937c24','0'),('7c8e84550571470da9dcd79860c5260e','258651cfd4ca41cbaa70d1b233659b5c','group','52','button','-1',NULL,NULL,NULL,NULL,NULL,NULL,NULL,NULL,NULL,NULL,NULL,NULL,NULL,NULL,NULL,'0'),('7d5a1a68cd4744b8a3e2272051cc8f5a','12af673457474b8f9f90eaffce28185c','group','3f17d4128cde4cbb8b60e0eda1def15f','menu','-1',NULL,NULL,'2018-07-11 11:30:43','1','管理员',NULL,NULL,NULL,NULL,NULL,NULL,NULL,NULL,NULL,'ac88ceb386aa4231b09bf472cb937c24','1'),('7d7cfed7a67a4866967cd0451c72dbe3','641645b3143f4c5b9dab15aff52bc53f','group','fcf2c9bcf02a447695c0435e875bcf71','menu','-1',NULL,NULL,'2018-07-17 09:44:20','1','管理员',NULL,NULL,NULL,NULL,NULL,NULL,NULL,NULL,NULL,'ac88ceb386aa4231b09bf472cb937c24','0'),('7e59d4171cb34c4593db1b5d5926115e','641645b3143f4c5b9dab15aff52bc53f','group','375b04fe927c44e88593d02670acd90f','button','-1',NULL,NULL,'2018-07-16 19:37:09','1','管理员',NULL,NULL,NULL,NULL,NULL,NULL,NULL,NULL,NULL,'ac88ceb386aa4231b09bf472cb937c24','0'),('7e72f295746a450884babaedf508c820','268fd8c30e654ce49a463cd56da4487a','group','56','button','-1',NULL,NULL,'2018-07-11 11:37:09','1','管理员',NULL,NULL,NULL,NULL,NULL,NULL,NULL,NULL,NULL,'ac88ceb386aa4231b09bf472cb937c24','0'),('7f070466a3d249ba8483f6b99293c41e','268fd8c30e654ce49a463cd56da4487a','group','16518e458bd04250b8c693d52a97471c','menu','-1',NULL,NULL,'2018-08-02 09:45:44','1','管理员',NULL,NULL,NULL,NULL,NULL,NULL,NULL,NULL,NULL,'ac88ceb386aa4231b09bf472cb937c24','0'),('7f4938bf77084207a2c349d20cc9d826','258651cfd4ca41cbaa70d1b233659b5c','group','cac49646909c4750b23f223f53eafc5b','button','-1',NULL,NULL,NULL,NULL,NULL,NULL,NULL,NULL,NULL,NULL,NULL,NULL,NULL,NULL,NULL,'0'),('7f612d1600914729908e166d16914d52','258651cfd4ca41cbaa70d1b233659b5c','group','1','menu','-1',NULL,NULL,'2018-03-06 11:56:07','1','Mr.AG',NULL,NULL,NULL,NULL,NULL,NULL,NULL,NULL,NULL,'ac88ceb386aa4231b09bf472cb937c24','1'),('7fcad207aac54029a0eb731a1d315c54','268fd8c30e654ce49a463cd56da4487a','group','23','button','-1',NULL,NULL,'2018-07-11 11:37:14','1','管理员',NULL,NULL,NULL,NULL,NULL,NULL,NULL,NULL,NULL,'ac88ceb386aa4231b09bf472cb937c24','0'),('7fd2704ef6bf404faf4673f002d745cc','268fd8c30e654ce49a463cd56da4487a','group','5c3f9c34756d4fa79be636137b9a58cc','menu','-1',NULL,NULL,'2018-08-02 09:45:44','1','管理员',NULL,NULL,NULL,NULL,NULL,NULL,NULL,NULL,NULL,'ac88ceb386aa4231b09bf472cb937c24','0'),('80082a9d6b4f4c1c9c2d0efd6780ec0c','12af673457474b8f9f90eaffce28185c','group','4','button','-1',NULL,NULL,'2018-07-11 11:35:50','1','管理员',NULL,NULL,NULL,NULL,NULL,NULL,NULL,NULL,NULL,'ac88ceb386aa4231b09bf472cb937c24','0'),('800f912fe4004ee085d00a9736be02af','641645b3143f4c5b9dab15aff52bc53f','group','07a8365e204743159ba624f99e0a2159','menu','-1',NULL,NULL,'2018-07-16 19:39:46','1','管理员',NULL,NULL,NULL,NULL,NULL,NULL,NULL,NULL,NULL,'ac88ceb386aa4231b09bf472cb937c24','1'),('80732caa597346feb6da03dcc70f7128','641645b3143f4c5b9dab15aff52bc53f','group','28','button','-1',NULL,NULL,'2018-07-16 19:37:09','1','管理员',NULL,NULL,NULL,NULL,NULL,NULL,NULL,NULL,NULL,'ac88ceb386aa4231b09bf472cb937c24','0'),('80d20b3e24b04871a5d60f1a0e2f0d26','268fd8c30e654ce49a463cd56da4487a','group','ab76a8217ca14dcfaf43fda23c8c98d9','menu','-1',NULL,NULL,'2018-07-15 18:29:00','1','管理员',NULL,NULL,NULL,NULL,NULL,NULL,NULL,NULL,NULL,'ac88ceb386aa4231b09bf472cb937c24','1'),('81163dd77f5a4992ae4e1e60513890fe','12af673457474b8f9f90eaffce28185c','group','7','menu','-1',NULL,NULL,'2018-07-16 19:21:32','1','管理员',NULL,NULL,NULL,NULL,NULL,NULL,NULL,NULL,NULL,'ac88ceb386aa4231b09bf472cb937c24','0'),('81e32e2ab0554e3783b42a72adfe3b87','641645b3143f4c5b9dab15aff52bc53f','group','30','menu','-1',NULL,NULL,'2018-07-16 19:39:46','1','管理员',NULL,NULL,NULL,NULL,NULL,NULL,NULL,NULL,NULL,'ac88ceb386aa4231b09bf472cb937c24','1'),('8214d7cf5c0645808bcc58b2ebd5307e','641645b3143f4c5b9dab15aff52bc53f','group','17','button','-1',NULL,NULL,'2018-07-16 19:39:45','1','管理员',NULL,NULL,NULL,NULL,NULL,NULL,NULL,NULL,NULL,'ac88ceb386aa4231b09bf472cb937c24','1'),('826b698e48484cabbc6c8c46c6540c71','268fd8c30e654ce49a463cd56da4487a','group','7a16202657c3478c8b4ece27a792e026','button','-1',NULL,NULL,'2018-07-15 20:51:17','1','管理员',NULL,NULL,NULL,NULL,NULL,NULL,NULL,NULL,NULL,'ac88ceb386aa4231b09bf472cb937c24','0'),('8366fb11f76646c595027278129a147c','b0bfc23bd12f47418044c556405b52ac','group','-1','menu','-1',NULL,NULL,'2018-03-06 08:31:38','a1a2cb17b4f24e50bbde2f1b8a233bcb','测试租户',NULL,NULL,NULL,NULL,NULL,NULL,NULL,NULL,NULL,'1ec08564dcc344018d6aaa910068f0f0','0'),('851abc264ac84b568fedc7d38db08eed','258651cfd4ca41cbaa70d1b233659b5c','group','21','button','-1',NULL,NULL,NULL,NULL,NULL,NULL,NULL,NULL,NULL,NULL,NULL,NULL,NULL,NULL,NULL,'1'),('861039f0330349b1a76ae142bd010d28','b0bfc23bd12f47418044c556405b52ac','group','3','button','-1',NULL,NULL,'2018-03-06 08:30:44','a1a2cb17b4f24e50bbde2f1b8a233bcb','测试租户',NULL,NULL,NULL,NULL,NULL,NULL,NULL,NULL,NULL,'1ec08564dcc344018d6aaa910068f0f0','0'),('86541b9dad8a48c1882274020c637cee','12af673457474b8f9f90eaffce28185c','group','21b3fe683a6040ed8c57423e55cd94a2','button','-1',NULL,NULL,'2018-07-11 11:36:06','1','管理员',NULL,NULL,NULL,NULL,NULL,NULL,NULL,NULL,NULL,'ac88ceb386aa4231b09bf472cb937c24','0'),('8737050c270547f0a2fef33608d7fe70','12af673457474b8f9f90eaffce28185c','group','3','button','-1',NULL,NULL,'2018-07-11 11:35:49','1','管理员',NULL,NULL,NULL,NULL,NULL,NULL,NULL,NULL,NULL,'ac88ceb386aa4231b09bf472cb937c24','0'),('876e9136085a49599c4af62ec5f8e94a','641645b3143f4c5b9dab15aff52bc53f','group','-1','menu','-1',NULL,NULL,'2018-07-17 09:44:20','1','管理员',NULL,NULL,NULL,NULL,NULL,NULL,NULL,NULL,NULL,'ac88ceb386aa4231b09bf472cb937c24','0'),('876fc3c622914cf8bf7114b7d017deeb','641645b3143f4c5b9dab15aff52bc53f','group','16','button','-1',NULL,NULL,'2018-07-16 19:39:45','1','管理员',NULL,NULL,NULL,NULL,NULL,NULL,NULL,NULL,NULL,'ac88ceb386aa4231b09bf472cb937c24','1'),('87987547f6564e12a76b79418c4b5c7e','641645b3143f4c5b9dab15aff52bc53f','group','7a0a75752c7d422abd2e30b7aad744d7','menu','-1',NULL,NULL,'2018-07-16 19:39:46','1','管理员',NULL,NULL,NULL,NULL,NULL,NULL,NULL,NULL,NULL,'ac88ceb386aa4231b09bf472cb937c24','1'),('88162ce5678f42918ed38d1638f12552','641645b3143f4c5b9dab15aff52bc53f','group','-1','menu','-1',NULL,NULL,'2018-07-16 19:39:46','1','管理员',NULL,NULL,NULL,NULL,NULL,NULL,NULL,NULL,NULL,'ac88ceb386aa4231b09bf472cb937c24','1'),('88afe766177943f8963393b997b136b2','b0bfc23bd12f47418044c556405b52ac','group','5','menu','-1',NULL,NULL,'2018-03-06 08:31:38','a1a2cb17b4f24e50bbde2f1b8a233bcb','测试租户',NULL,NULL,NULL,NULL,NULL,NULL,NULL,NULL,NULL,'1ec08564dcc344018d6aaa910068f0f0','0'),('88bec45e71d04fbca17c902f08c815a9','268fd8c30e654ce49a463cd56da4487a','group','cd4b3e8511874c34b6a8423d3d566025','menu','-1',NULL,NULL,'2018-08-02 09:45:44','1','管理员',NULL,NULL,NULL,NULL,NULL,NULL,NULL,NULL,NULL,'ac88ceb386aa4231b09bf472cb937c24','0'),('89761d39099740daacd7a35565be5d2c','-1','group','1','menu','-1',NULL,NULL,'2018-03-06 09:57:13','a1a2cb17b4f24e50bbde2f1b8a233bcb','测试租户',NULL,NULL,NULL,NULL,NULL,NULL,NULL,NULL,NULL,'1ec08564dcc344018d6aaa910068f0f0','1'),('89c998268a934e61892ae700c7b528c8','12af673457474b8f9f90eaffce28185c','group','10da7231bdc14a8fb1d84ceaf7c256e2','menu','-1',NULL,NULL,'2018-07-11 11:30:43','1','管理员',NULL,NULL,NULL,NULL,NULL,NULL,NULL,NULL,NULL,'ac88ceb386aa4231b09bf472cb937c24','1'),('8a52fb0308ba4020b1d0d9fee5878cf5','641645b3143f4c5b9dab15aff52bc53f','group','31','menu','-1',NULL,NULL,'2018-07-16 19:39:46','1','管理员',NULL,NULL,NULL,NULL,NULL,NULL,NULL,NULL,NULL,'ac88ceb386aa4231b09bf472cb937c24','1'),('8a8393af8a5240d7b8b3994397342355','268fd8c30e654ce49a463cd56da4487a','group','28','button','-1',NULL,NULL,'2018-07-11 11:37:18','1','管理员',NULL,NULL,NULL,NULL,NULL,NULL,NULL,NULL,NULL,'ac88ceb386aa4231b09bf472cb937c24','0'),('8bc4ddb11dd240e5a338c2976b298f80','641645b3143f4c5b9dab15aff52bc53f','group','38659fc385084bce8dcd7e77bfa89234','menu','-1',NULL,NULL,'2018-07-16 19:39:46','1','管理员',NULL,NULL,NULL,NULL,NULL,NULL,NULL,NULL,NULL,'ac88ceb386aa4231b09bf472cb937c24','1'),('8c2245b42b3b4e9a9e58d36c7526b71b','641645b3143f4c5b9dab15aff52bc53f','group','4','button','-1',NULL,NULL,'2018-07-16 19:26:42','1','管理员',NULL,NULL,NULL,NULL,NULL,NULL,NULL,NULL,NULL,'ac88ceb386aa4231b09bf472cb937c24','0'),('8c6b36c8730747f796fab2176ee01e85','-1','group','b5211cc69d234b28a97f27e63edc9a58','menu','-1',NULL,NULL,'2018-03-06 09:57:13','a1a2cb17b4f24e50bbde2f1b8a233bcb','测试租户',NULL,NULL,NULL,NULL,NULL,NULL,NULL,NULL,NULL,'1ec08564dcc344018d6aaa910068f0f0','1'),('8d4e526b7dda4a5d95465b604bf26dd5','268fd8c30e654ce49a463cd56da4487a','group','10da7231bdc14a8fb1d84ceaf7c256e2','menu','-1',NULL,NULL,'2018-08-02 09:45:44','1','管理员',NULL,NULL,NULL,NULL,NULL,NULL,NULL,NULL,NULL,'ac88ceb386aa4231b09bf472cb937c24','0'),('8e6ad67a2f1b443e85f84e5f037dea33','366af0a7fd79453fbe54c0d24917ec4b','group','59','button','-1',NULL,NULL,NULL,NULL,NULL,NULL,NULL,NULL,NULL,NULL,NULL,NULL,NULL,NULL,NULL,'0'),('8edbac86de834d40a67204f162815f12','258651cfd4ca41cbaa70d1b233659b5c','group','8b5ff030c76341059a335e0653fef5ea','button','-1',NULL,NULL,NULL,NULL,NULL,NULL,NULL,NULL,NULL,NULL,NULL,NULL,NULL,NULL,NULL,'1'),('90e7de53222a4a048d14d6109ba4be5f','258651cfd4ca41cbaa70d1b233659b5c','group','39925b8263664c9e923f9c34f9bc2a37','button','-1',NULL,NULL,NULL,NULL,NULL,NULL,NULL,NULL,NULL,NULL,NULL,NULL,NULL,NULL,NULL,'0'),('91beb66345c5488aab05571dd363de96','268fd8c30e654ce49a463cd56da4487a','group','7494902cc9e948668e51f4596042b084','menu','-1',NULL,NULL,'2018-08-02 09:45:44','1','管理员',NULL,NULL,NULL,NULL,NULL,NULL,NULL,NULL,NULL,'ac88ceb386aa4231b09bf472cb937c24','0'),('9207bebff9a5478a971b3235a1707c27','268fd8c30e654ce49a463cd56da4487a','group','17','button','-1',NULL,NULL,'2018-07-11 11:37:18','1','管理员',NULL,NULL,NULL,NULL,NULL,NULL,NULL,NULL,NULL,'ac88ceb386aa4231b09bf472cb937c24','0'),('9315ea2672ba4d55a1319ebc20cea8df','258651cfd4ca41cbaa70d1b233659b5c','group','7','menu','-1',NULL,NULL,'2018-03-06 11:56:07','1','Mr.AG',NULL,NULL,NULL,NULL,NULL,NULL,NULL,NULL,NULL,'ac88ceb386aa4231b09bf472cb937c24','1'),('936056dc16cc4c1fbe03d92d7f0955a8','268fd8c30e654ce49a463cd56da4487a','group','c414e593ea7443ffa0c7b8ee1d1d9125','menu','-1',NULL,NULL,'2018-08-02 09:45:44','1','管理员',NULL,NULL,NULL,NULL,NULL,NULL,NULL,NULL,NULL,'ac88ceb386aa4231b09bf472cb937c24','0'),('93837a92348e4c27a02e57797568aa1f','b0bfc23bd12f47418044c556405b52ac','group','5','button','-1',NULL,NULL,'2018-03-06 08:30:44','a1a2cb17b4f24e50bbde2f1b8a233bcb','测试租户',NULL,NULL,NULL,NULL,NULL,NULL,NULL,NULL,NULL,'1ec08564dcc344018d6aaa910068f0f0','0'),('9426150c300c47908b26d98d7cafbe92','268fd8c30e654ce49a463cd56da4487a','group','24','button','-1',NULL,NULL,'2018-07-11 11:37:21','1','管理员',NULL,NULL,NULL,NULL,NULL,NULL,NULL,NULL,NULL,'ac88ceb386aa4231b09bf472cb937c24','0'),('94dd147289a3430bb037d7dd0ef2a872','366af0a7fd79453fbe54c0d24917ec4b','group','57','button','-1',NULL,NULL,NULL,NULL,NULL,NULL,NULL,NULL,NULL,NULL,NULL,NULL,NULL,NULL,NULL,'0'),('95c2863f446a4a08ad276d6453804eda','268fd8c30e654ce49a463cd56da4487a','group','d765d735278c455e92c900460e0d4df9','menu','-1',NULL,NULL,'2018-07-15 18:29:00','1','管理员',NULL,NULL,NULL,NULL,NULL,NULL,NULL,NULL,NULL,'ac88ceb386aa4231b09bf472cb937c24','1'),('964b0301ba8b493282a19c0905926267','268fd8c30e654ce49a463cd56da4487a','group','1','menu','-1',NULL,NULL,'2018-08-02 09:45:44','1','管理员',NULL,NULL,NULL,NULL,NULL,NULL,NULL,NULL,NULL,'ac88ceb386aa4231b09bf472cb937c24','0'),('98cf23ec026f46e2906d70705bd6ac26','258651cfd4ca41cbaa70d1b233659b5c','group','7494902cc9e948668e51f4596042b084','menu','-1',NULL,NULL,'2018-07-16 11:36:29','1','管理员',NULL,NULL,NULL,NULL,NULL,NULL,NULL,NULL,NULL,'ac88ceb386aa4231b09bf472cb937c24','0'),('98d697a366ff4e859ebaa66973e704dd','641645b3143f4c5b9dab15aff52bc53f','group','cd4b3e8511874c34b6a8423d3d566025','menu','-1',NULL,NULL,'2018-07-16 19:39:46','1','管理员',NULL,NULL,NULL,NULL,NULL,NULL,NULL,NULL,NULL,'ac88ceb386aa4231b09bf472cb937c24','1'),('9a3cadfffeb24d60a9305eb908ce6636','12af673457474b8f9f90eaffce28185c','group','10','button','-1',NULL,NULL,'2018-07-11 11:36:20','1','管理员',NULL,NULL,NULL,NULL,NULL,NULL,NULL,NULL,NULL,'ac88ceb386aa4231b09bf472cb937c24','0'),('9ab05482b07d48de8e8aeaeda7c56d1c','268fd8c30e654ce49a463cd56da4487a','group','3f17d4128cde4cbb8b60e0eda1def15f','menu','-1',NULL,NULL,'2018-08-02 09:45:44','1','管理员',NULL,NULL,NULL,NULL,NULL,NULL,NULL,NULL,NULL,'ac88ceb386aa4231b09bf472cb937c24','0'),('9aba5054029041d197acdb470a091732','268fd8c30e654ce49a463cd56da4487a','group','b1e88f3244ce4e059eb8cb332a2c2670','menu','-1',NULL,NULL,'2018-08-02 09:45:44','1','管理员',NULL,NULL,NULL,NULL,NULL,NULL,NULL,NULL,NULL,'ac88ceb386aa4231b09bf472cb937c24','0'),('9b7842caf8a1407eaf37da606b617050','641645b3143f4c5b9dab15aff52bc53f','group','23','button','-1',NULL,NULL,'2018-07-16 19:26:42','1','管理员',NULL,NULL,NULL,NULL,NULL,NULL,NULL,NULL,NULL,'ac88ceb386aa4231b09bf472cb937c24','0'),('9c1ec16f24ee4f79bbb5a20d90930563','268fd8c30e654ce49a463cd56da4487a','group','c6469be83d8e4d5ca404b46b347f7d4c','button','-1',NULL,NULL,'2018-07-15 20:51:17','1','管理员',NULL,NULL,NULL,NULL,NULL,NULL,NULL,NULL,NULL,'ac88ceb386aa4231b09bf472cb937c24','0'),('9dd7fc4eedc44a82b81c9b8a5d6e7988','268fd8c30e654ce49a463cd56da4487a','group','96aafed1ea6f41f49e8bb2d93c46f484','menu','-1',NULL,NULL,'2018-08-02 09:45:44','1','管理员',NULL,NULL,NULL,NULL,NULL,NULL,NULL,NULL,NULL,'ac88ceb386aa4231b09bf472cb937c24','0'),('9ee46cd93305415fac06c26f61b6e142','268fd8c30e654ce49a463cd56da4487a','group','6d7ea83bb71d476dbfbda2bcbc1a01bd','button','-1',NULL,NULL,'2018-07-15 20:51:17','1','管理员',NULL,NULL,NULL,NULL,NULL,NULL,NULL,NULL,NULL,'ac88ceb386aa4231b09bf472cb937c24','0'),('a005ea0cb4564f2988ac39e8138e28a3','258651cfd4ca41cbaa70d1b233659b5c','group','7a0a75752c7d422abd2e30b7aad744d7','menu','-1',NULL,NULL,'2018-03-06 11:56:07','1','Mr.AG',NULL,NULL,NULL,NULL,NULL,NULL,NULL,NULL,NULL,'ac88ceb386aa4231b09bf472cb937c24','1'),('a11bb5c73beb446394081a4ef3be2bda','268fd8c30e654ce49a463cd56da4487a','group','f779a4a58b9d43d6942c0f8cabd95c23','menu','-1',NULL,NULL,'2018-07-15 18:29:00','1','管理员',NULL,NULL,NULL,NULL,NULL,NULL,NULL,NULL,NULL,'ac88ceb386aa4231b09bf472cb937c24','1'),('a14bd204c8fb4343841d1ba0cfb07fde','12af673457474b8f9f90eaffce28185c','group','efed244e86d442fe9f8661b7a2acd3d0','menu','-1',NULL,NULL,'2018-07-11 11:30:43','1','管理员',NULL,NULL,NULL,NULL,NULL,NULL,NULL,NULL,NULL,'ac88ceb386aa4231b09bf472cb937c24','1'),('a1a13b751b914d749678579e4c9a0195','258651cfd4ca41cbaa70d1b233659b5c','group','18','button','-1',NULL,NULL,NULL,NULL,NULL,NULL,NULL,NULL,NULL,NULL,NULL,NULL,NULL,NULL,NULL,'0'),('a1bd9de474494fc08de0651352165e2d','258651cfd4ca41cbaa70d1b233659b5c','group','5','menu','-1',NULL,NULL,'2018-03-06 11:56:07','1','Mr.AG',NULL,NULL,NULL,NULL,NULL,NULL,NULL,NULL,NULL,'ac88ceb386aa4231b09bf472cb937c24','1'),('a1d9874486704396a859bb46a22ba15c','258651cfd4ca41cbaa70d1b233659b5c','group','34','menu','-1',NULL,NULL,'2018-07-16 11:36:29','1','管理员',NULL,NULL,NULL,NULL,NULL,NULL,NULL,NULL,NULL,'ac88ceb386aa4231b09bf472cb937c24','0'),('a40ba89ddb4248d7b89fe0d5c6de18e1','268fd8c30e654ce49a463cd56da4487a','group','8a97eb6b7bb241cba8a3ec7c6bb458dd','menu','-1',NULL,NULL,'2018-08-02 09:45:44','1','管理员',NULL,NULL,NULL,NULL,NULL,NULL,NULL,NULL,NULL,'ac88ceb386aa4231b09bf472cb937c24','0'),('a50aa1fc63754fc6ab3b921ebeee6d78','641645b3143f4c5b9dab15aff52bc53f','group','c414e593ea7443ffa0c7b8ee1d1d9125','menu','-1',NULL,NULL,'2018-07-16 19:39:46','1','管理员',NULL,NULL,NULL,NULL,NULL,NULL,NULL,NULL,NULL,'ac88ceb386aa4231b09bf472cb937c24','1'),('a54b38cf7ef143a99d66311784fb61f0','12af673457474b8f9f90eaffce28185c','group','d765d735278c455e92c900460e0d4df9','menu','-1',NULL,NULL,'2018-07-11 11:30:43','1','管理员',NULL,NULL,NULL,NULL,NULL,NULL,NULL,NULL,NULL,'ac88ceb386aa4231b09bf472cb937c24','1'),('a593abaa216248058cc8902291ae72a6','268fd8c30e654ce49a463cd56da4487a','group','22','button','-1',NULL,NULL,'2018-07-11 11:37:18','1','管理员',NULL,NULL,NULL,NULL,NULL,NULL,NULL,NULL,NULL,'ac88ceb386aa4231b09bf472cb937c24','0'),('a5a4419b545149728787a5d61142ca14','268fd8c30e654ce49a463cd56da4487a','group','32a8b411d464493a8716f363cb0b516d','menu','-1',NULL,NULL,'2018-08-02 09:45:44','1','管理员',NULL,NULL,NULL,NULL,NULL,NULL,NULL,NULL,NULL,'ac88ceb386aa4231b09bf472cb937c24','0'),('a60edb8e2ce047718a86a6d512cc6381','268fd8c30e654ce49a463cd56da4487a','group','48','button','-1',NULL,NULL,'2018-07-11 11:37:24','1','管理员',NULL,NULL,NULL,NULL,NULL,NULL,NULL,NULL,NULL,'ac88ceb386aa4231b09bf472cb937c24','0'),('a62b57e12e69442aadc388038ce3fdfa','641645b3143f4c5b9dab15aff52bc53f','group','e4cb51720bb84653991070292f2dfa9c','menu','-1',NULL,NULL,'2018-07-16 19:39:46','1','管理员',NULL,NULL,NULL,NULL,NULL,NULL,NULL,NULL,NULL,'ac88ceb386aa4231b09bf472cb937c24','1'),('a6e3c36388c74e65ae4f8e0af76b3a3f','12af673457474b8f9f90eaffce28185c','group','54','button','-1',NULL,NULL,'2018-07-11 11:36:34','1','管理员',NULL,NULL,NULL,NULL,NULL,NULL,NULL,NULL,NULL,'ac88ceb386aa4231b09bf472cb937c24','0'),('a70c7f8da5984696898733c1ca3ab28e','641645b3143f4c5b9dab15aff52bc53f','group','18','button','-1',NULL,NULL,'2018-07-16 19:39:45','1','管理员',NULL,NULL,NULL,NULL,NULL,NULL,NULL,NULL,NULL,'ac88ceb386aa4231b09bf472cb937c24','1'),('a735ad8b48c1486ea383dee07bc627aa','258651cfd4ca41cbaa70d1b233659b5c','group','d2773b3568c6438c8f9cc21b06b660ee','button','-1',NULL,NULL,NULL,NULL,NULL,NULL,NULL,NULL,NULL,NULL,NULL,NULL,NULL,NULL,NULL,'1'),('a773b34e6a2949d2958f8895aab95761','-1','group','13','menu','-1',NULL,NULL,'2018-03-06 09:57:13','a1a2cb17b4f24e50bbde2f1b8a233bcb','测试租户',NULL,NULL,NULL,NULL,NULL,NULL,NULL,NULL,NULL,'1ec08564dcc344018d6aaa910068f0f0','1'),('a7a7b798dd4d4841b037ec27cd3eee0a','641645b3143f4c5b9dab15aff52bc53f','group','21b3fe683a6040ed8c57423e55cd94a2','button','-1',NULL,NULL,'2018-07-16 19:37:09','1','管理员',NULL,NULL,NULL,NULL,NULL,NULL,NULL,NULL,NULL,'ac88ceb386aa4231b09bf472cb937c24','0'),('a81a67366c2f41519af9fad78e476a68','12af673457474b8f9f90eaffce28185c','group','88076aff1c914839886a0367e3176392','menu','-1',NULL,NULL,'2018-07-11 11:30:43','1','管理员',NULL,NULL,NULL,NULL,NULL,NULL,NULL,NULL,NULL,'ac88ceb386aa4231b09bf472cb937c24','1'),('a8395c8fab314a3999bd88ce9618f61f','12af673457474b8f9f90eaffce28185c','group','33','button','-1',NULL,NULL,'2018-07-11 11:36:40','1','管理员',NULL,NULL,NULL,NULL,NULL,NULL,NULL,NULL,NULL,'ac88ceb386aa4231b09bf472cb937c24','0'),('a8531f19d5604b86900a846d7a4edbf7','258651cfd4ca41cbaa70d1b233659b5c','group','31','menu','-1',NULL,NULL,'2018-07-16 11:36:29','1','管理员',NULL,NULL,NULL,NULL,NULL,NULL,NULL,NULL,NULL,'ac88ceb386aa4231b09bf472cb937c24','0'),('aa3b1922117847f8905b6b13182696c7','258651cfd4ca41cbaa70d1b233659b5c','group','6d7ea83bb71d476dbfbda2bcbc1a01bd','button','-1',NULL,NULL,NULL,NULL,NULL,NULL,NULL,NULL,NULL,NULL,NULL,NULL,NULL,NULL,NULL,'1'),('aaa5247869d54ee6873dd470badf6960','258651cfd4ca41cbaa70d1b233659b5c','group','375b04fe927c44e88593d02670acd90f','button','-1',NULL,NULL,NULL,NULL,NULL,NULL,NULL,NULL,NULL,NULL,NULL,NULL,NULL,NULL,NULL,'1'),('ab718eb4cc5f402abd273279c73c719c','641645b3143f4c5b9dab15aff52bc53f','group','19','button','-1',NULL,NULL,'2018-07-16 19:26:50','1','管理员',NULL,NULL,NULL,NULL,NULL,NULL,NULL,NULL,NULL,'ac88ceb386aa4231b09bf472cb937c24','0'),('abffe3ffca974c77819b5dcaa33f2228','268fd8c30e654ce49a463cd56da4487a','group','5','button','-1',NULL,NULL,'2018-07-11 11:37:14','1','管理员',NULL,NULL,NULL,NULL,NULL,NULL,NULL,NULL,NULL,'ac88ceb386aa4231b09bf472cb937c24','0'),('ac86405c8bfa49759b86f1fcbb09fe07','641645b3143f4c5b9dab15aff52bc53f','group','28','button','-1',NULL,NULL,'2018-07-16 19:26:50','1','管理员',NULL,NULL,NULL,NULL,NULL,NULL,NULL,NULL,NULL,'ac88ceb386aa4231b09bf472cb937c24','0'),('acc764b999ad42988a459820d328943b','641645b3143f4c5b9dab15aff52bc53f','group','e4cb51720bb84653991070292f2dfa9c','menu','-1',NULL,NULL,'2018-07-17 09:44:20','1','管理员',NULL,NULL,NULL,NULL,NULL,NULL,NULL,NULL,NULL,'ac88ceb386aa4231b09bf472cb937c24','0'),('ad5658ae46114e9a946c9c193c1b9aa1','268fd8c30e654ce49a463cd56da4487a','group','fcf2c9bcf02a447695c0435e875bcf71','menu','-1',NULL,NULL,'2018-07-15 18:29:00','1','管理员',NULL,NULL,NULL,NULL,NULL,NULL,NULL,NULL,NULL,'ac88ceb386aa4231b09bf472cb937c24','1'),('aeb78d0ccb1346d8a604ec216620e3ce','268fd8c30e654ce49a463cd56da4487a','group','6c088b72f92c46f9b693ffab880b83ae','button','-1',NULL,NULL,'2018-07-20 09:28:41','1','管理员',NULL,NULL,NULL,NULL,NULL,NULL,NULL,NULL,NULL,'ac88ceb386aa4231b09bf472cb937c24','0'),('af0fa19a3c53403b83c1d9d7a5ab9b43','268fd8c30e654ce49a463cd56da4487a','group','12','button','-1',NULL,NULL,'2018-07-11 11:37:21','1','管理员',NULL,NULL,NULL,NULL,NULL,NULL,NULL,NULL,NULL,'ac88ceb386aa4231b09bf472cb937c24','0'),('afcc73fc556e40a39af61a24014455ff','366af0a7fd79453fbe54c0d24917ec4b','group','56','button','-1',NULL,NULL,NULL,NULL,NULL,NULL,NULL,NULL,NULL,NULL,NULL,NULL,NULL,NULL,NULL,'0'),('b004187767034aa5925d9209d4e172a6','268fd8c30e654ce49a463cd56da4487a','group','b5211cc69d234b28a97f27e63edc9a58','menu','-1',NULL,NULL,'2018-08-02 09:45:44','1','管理员',NULL,NULL,NULL,NULL,NULL,NULL,NULL,NULL,NULL,'ac88ceb386aa4231b09bf472cb937c24','0'),('b02e3af9789440c78ade35d138702015','268fd8c30e654ce49a463cd56da4487a','group','a689c318c24240dfb77002da3265d406','menu','-1',NULL,NULL,'2018-08-02 09:45:44','1','管理员',NULL,NULL,NULL,NULL,NULL,NULL,NULL,NULL,NULL,'ac88ceb386aa4231b09bf472cb937c24','0'),('b09e1210752a4b8e8ab574c6194daebc','268fd8c30e654ce49a463cd56da4487a','group','88076aff1c914839886a0367e3176392','menu','-1',NULL,NULL,'2018-08-02 09:45:44','1','管理员',NULL,NULL,NULL,NULL,NULL,NULL,NULL,NULL,NULL,'ac88ceb386aa4231b09bf472cb937c24','0'),('b141ae297abd4cf0af3d23e289ff2d5f','641645b3143f4c5b9dab15aff52bc53f','group','21b3fe683a6040ed8c57423e55cd94a2','button','-1',NULL,NULL,'2018-07-16 19:39:45','1','管理员',NULL,NULL,NULL,NULL,NULL,NULL,NULL,NULL,NULL,'ac88ceb386aa4231b09bf472cb937c24','1'),('b1b8c5368e654b3ab48440ca45431df2','268fd8c30e654ce49a463cd56da4487a','group','efed244e86d442fe9f8661b7a2acd3d0','menu','-1',NULL,NULL,'2018-07-15 18:29:00','1','管理员',NULL,NULL,NULL,NULL,NULL,NULL,NULL,NULL,NULL,'ac88ceb386aa4231b09bf472cb937c24','1'),('b30d4e7ef51e452998c41c65054e36f8','258651cfd4ca41cbaa70d1b233659b5c','group','5d5bcf25c0f3463c926cc269052d6a35','menu','-1',NULL,NULL,'2018-07-16 11:36:29','1','管理员',NULL,NULL,NULL,NULL,NULL,NULL,NULL,NULL,NULL,'ac88ceb386aa4231b09bf472cb937c24','0'),('b399763b839a481abfbf3b759710fc85','258651cfd4ca41cbaa70d1b233659b5c','group','d2773b3568c6438c8f9cc21b06b660ee','button','-1',NULL,NULL,NULL,NULL,NULL,NULL,NULL,NULL,NULL,NULL,NULL,NULL,NULL,NULL,NULL,'0'),('b39bd9e4219244b498bc96f321f51e0d','258651cfd4ca41cbaa70d1b233659b5c','group','23','button','-1',NULL,NULL,NULL,NULL,NULL,NULL,NULL,NULL,NULL,NULL,NULL,NULL,NULL,NULL,NULL,'1'),('b4c080eb8ae644eeb1ed26ac63b0af48','268fd8c30e654ce49a463cd56da4487a','group','27','button','-1',NULL,NULL,'2018-07-11 11:37:21','1','管理员',NULL,NULL,NULL,NULL,NULL,NULL,NULL,NULL,NULL,'ac88ceb386aa4231b09bf472cb937c24','0'),('b54be9f032b848879acede3f00e3e7da','641645b3143f4c5b9dab15aff52bc53f','group','27','menu','-1',NULL,NULL,'2018-07-16 19:39:46','1','管理员',NULL,NULL,NULL,NULL,NULL,NULL,NULL,NULL,NULL,'ac88ceb386aa4231b09bf472cb937c24','1'),('b59edec22f664787aa4186f2867908b9','258651cfd4ca41cbaa70d1b233659b5c','group','58','button','-1',NULL,NULL,NULL,NULL,NULL,NULL,NULL,NULL,NULL,NULL,NULL,NULL,NULL,NULL,NULL,'0'),('b5df9e8e2ed34acebc9ddfb103b87b60','b0bfc23bd12f47418044c556405b52ac','group','21b3fe683a6040ed8c57423e55cd94a2','button','-1',NULL,NULL,'2018-03-06 11:34:07','a1a2cb17b4f24e50bbde2f1b8a233bcb','测试租户',NULL,NULL,NULL,NULL,NULL,NULL,NULL,NULL,NULL,'1ec08564dcc344018d6aaa910068f0f0','0'),('b5f00cb818f24dd5a241009aa71c030e','366af0a7fd79453fbe54c0d24917ec4b','group','58','button','-1',NULL,NULL,NULL,NULL,NULL,NULL,NULL,NULL,NULL,NULL,NULL,NULL,NULL,NULL,NULL,'0'),('b78b035d70f347d0bda8459a4f0ec67f','641645b3143f4c5b9dab15aff52bc53f','group','19','button','-1',NULL,NULL,'2018-07-16 19:37:09','1','管理员',NULL,NULL,NULL,NULL,NULL,NULL,NULL,NULL,NULL,'ac88ceb386aa4231b09bf472cb937c24','0'),('b864033e4d584d53b00009ac9f8de02c','12af673457474b8f9f90eaffce28185c','group','fcf2c9bcf02a447695c0435e875bcf71','menu','-1',NULL,NULL,'2018-07-11 11:30:43','1','管理员',NULL,NULL,NULL,NULL,NULL,NULL,NULL,NULL,NULL,'ac88ceb386aa4231b09bf472cb937c24','1'),('b8dffbffdebc49aba65bebae40639c72','268fd8c30e654ce49a463cd56da4487a','group','e4cb51720bb84653991070292f2dfa9c','menu','-1',NULL,NULL,'2018-08-02 09:45:44','1','管理员',NULL,NULL,NULL,NULL,NULL,NULL,NULL,NULL,NULL,'ac88ceb386aa4231b09bf472cb937c24','0'),('b9f48d79ca9c46b390187bd5848adf27','268fd8c30e654ce49a463cd56da4487a','group','0a97822a9b1748bdb62de65285cb8aff','menu','-1',NULL,NULL,'2018-08-02 09:45:44','1','管理员',NULL,NULL,NULL,NULL,NULL,NULL,NULL,NULL,NULL,'ac88ceb386aa4231b09bf472cb937c24','0'),('bab1434a673c47b2b35c7b596e28993f','268fd8c30e654ce49a463cd56da4487a','group','4ee4f57a2d92494abe2595bff4f32057','button','-1',NULL,NULL,'2018-07-11 11:37:18','1','管理员',NULL,NULL,NULL,NULL,NULL,NULL,NULL,NULL,NULL,'ac88ceb386aa4231b09bf472cb937c24','0'),('bbd9cb0569304a6ba6a316c8785be601','12af673457474b8f9f90eaffce28185c','group','ef73cc9bf70d448caf72e3f45015700a','button','-1',NULL,NULL,'2018-07-11 11:35:39','1','管理员',NULL,NULL,NULL,NULL,NULL,NULL,NULL,NULL,NULL,'ac88ceb386aa4231b09bf472cb937c24','0'),('bd322ca806f645368deb4861d792b398','258651cfd4ca41cbaa70d1b233659b5c','group','1','menu','-1',NULL,NULL,'2018-07-16 11:36:29','1','管理员',NULL,NULL,NULL,NULL,NULL,NULL,NULL,NULL,NULL,'ac88ceb386aa4231b09bf472cb937c24','0'),('bd9395bb258b401b95e712a698724d24','258651cfd4ca41cbaa70d1b233659b5c','group','3','button','-1',NULL,NULL,NULL,NULL,NULL,NULL,NULL,NULL,NULL,NULL,NULL,NULL,NULL,NULL,NULL,'0'),('bda741a9adf14b8d971308e3b08ae1e7','268fd8c30e654ce49a463cd56da4487a','group','08dc03232c0f4d82a9a9f05b2dae7399','button','-1',NULL,NULL,'2018-07-27 09:42:02','1','管理员',NULL,NULL,NULL,NULL,NULL,NULL,NULL,NULL,NULL,'ac88ceb386aa4231b09bf472cb937c24','0'),('bdd56f198a8a4761b2df204723668c98','268fd8c30e654ce49a463cd56da4487a','group','96fa67eaa0b844dba5c22365b9b655c9','menu','-1',NULL,NULL,'2018-08-02 09:45:44','1','管理员',NULL,NULL,NULL,NULL,NULL,NULL,NULL,NULL,NULL,'ac88ceb386aa4231b09bf472cb937c24','0'),('bebf6f9ac37f4c90b6659036f63bb1fe','12af673457474b8f9f90eaffce28185c','group','20','button','-1',NULL,NULL,'2018-07-11 11:36:02','1','管理员',NULL,NULL,NULL,NULL,NULL,NULL,NULL,NULL,NULL,'ac88ceb386aa4231b09bf472cb937c24','0'),('befc25d89018495489a1047aadf18c7c','268fd8c30e654ce49a463cd56da4487a','group','bb9bd4ab26e4497f8558a944e9f614bf','menu','-1',NULL,NULL,'2018-07-15 18:29:00','1','管理员',NULL,NULL,NULL,NULL,NULL,NULL,NULL,NULL,NULL,'ac88ceb386aa4231b09bf472cb937c24','1'),('c03266d647f643e3919ff8576eb89c37','-1','group','5','menu','-1',NULL,NULL,'2018-03-06 09:56:51','a1a2cb17b4f24e50bbde2f1b8a233bcb','测试租户',NULL,NULL,NULL,NULL,NULL,NULL,NULL,NULL,NULL,'1ec08564dcc344018d6aaa910068f0f0','0'),('c142991d92cd4936b4c598ff2a2f8efc','12af673457474b8f9f90eaffce28185c','group','0a97822a9b1748bdb62de65285cb8aff','menu','-1',NULL,NULL,'2018-07-11 11:30:43','1','管理员',NULL,NULL,NULL,NULL,NULL,NULL,NULL,NULL,NULL,'ac88ceb386aa4231b09bf472cb937c24','1'),('c17441b541ef40d19faefcd6a30160a5','366af0a7fd79453fbe54c0d24917ec4b','group','23','button','-1',NULL,NULL,NULL,NULL,NULL,NULL,NULL,NULL,NULL,NULL,NULL,NULL,NULL,NULL,NULL,'0'),('c20ea1d0bc9448bcb331543a2861edda','12af673457474b8f9f90eaffce28185c','group','19','button','-1',NULL,NULL,'2018-07-11 11:36:02','1','管理员',NULL,NULL,NULL,NULL,NULL,NULL,NULL,NULL,NULL,'ac88ceb386aa4231b09bf472cb937c24','0'),('c20f5e9caa694f0a8c957e9d406c4f2a','12af673457474b8f9f90eaffce28185c','group','23','button','-1',NULL,NULL,'2018-07-11 11:35:48','1','管理员',NULL,NULL,NULL,NULL,NULL,NULL,NULL,NULL,NULL,'ac88ceb386aa4231b09bf472cb937c24','0'),('c2571d38498e45fcb7fcd06f96174608','258651cfd4ca41cbaa70d1b233659b5c','group','16','button','-1',NULL,NULL,NULL,NULL,NULL,NULL,NULL,NULL,NULL,NULL,NULL,NULL,NULL,NULL,NULL,'1'),('c2a82e8aa3ee4e70b0a34b15457784a2','12af673457474b8f9f90eaffce28185c','group','12','button','-1',NULL,NULL,'2018-07-11 11:36:22','1','管理员',NULL,NULL,NULL,NULL,NULL,NULL,NULL,NULL,NULL,'ac88ceb386aa4231b09bf472cb937c24','0'),('c2fabc818ca24e9ea0536a402a796d05','258651cfd4ca41cbaa70d1b233659b5c','group','40','menu','-1',NULL,NULL,'2018-07-16 11:36:29','1','管理员',NULL,NULL,NULL,NULL,NULL,NULL,NULL,NULL,NULL,'ac88ceb386aa4231b09bf472cb937c24','0'),('c3a4e73fb21a436d98321170f40ac9e4','268fd8c30e654ce49a463cd56da4487a','group','50','button','-1',NULL,NULL,'2018-07-11 11:37:24','1','管理员',NULL,NULL,NULL,NULL,NULL,NULL,NULL,NULL,NULL,'ac88ceb386aa4231b09bf472cb937c24','0'),('c420da58959146ec989933575b3c1d87','258651cfd4ca41cbaa70d1b233659b5c','group','39925b8263664c9e923f9c34f9bc2a37','button','-1',NULL,NULL,NULL,NULL,NULL,NULL,NULL,NULL,NULL,NULL,NULL,NULL,NULL,NULL,NULL,'1'),('c4eb2c48a80e462b882f4eab3fda5d1f','641645b3143f4c5b9dab15aff52bc53f','group','16','button','-1',NULL,NULL,'2018-07-16 19:37:09','1','管理员',NULL,NULL,NULL,NULL,NULL,NULL,NULL,NULL,NULL,'ac88ceb386aa4231b09bf472cb937c24','0'),('c5abdb38eacf43f29cbe6e590e47cc77','641645b3143f4c5b9dab15aff52bc53f','group','8','menu','-1',NULL,NULL,'2018-07-16 19:39:46','1','管理员',NULL,NULL,NULL,NULL,NULL,NULL,NULL,NULL,NULL,'ac88ceb386aa4231b09bf472cb937c24','1'),('c70e0c9fe1cc487c8c8b1e7c3f2ab268','366af0a7fd79453fbe54c0d24917ec4b','group','5','menu','-1',NULL,NULL,NULL,NULL,NULL,NULL,NULL,NULL,NULL,NULL,NULL,NULL,NULL,NULL,NULL,'0'),('c71b6e9af9b24e758d2010a5343557c4','268fd8c30e654ce49a463cd56da4487a','group','10da7231bdc14a8fb1d84ceaf7c256e2','menu','-1',NULL,NULL,'2018-07-15 18:29:00','1','管理员',NULL,NULL,NULL,NULL,NULL,NULL,NULL,NULL,NULL,'ac88ceb386aa4231b09bf472cb937c24','1'),('c72e8fd3b6334c92bd2d280ce26c2ae2','268fd8c30e654ce49a463cd56da4487a','group','9275c77191e342f796100409f4c28037','button','-1',NULL,NULL,'2018-07-20 09:28:41','1','管理员',NULL,NULL,NULL,NULL,NULL,NULL,NULL,NULL,NULL,'ac88ceb386aa4231b09bf472cb937c24','0'),('c767cf1d541345889b6e62ea605e4032','268fd8c30e654ce49a463cd56da4487a','group','103593127199487794f9fd8fd573db5f','button','-1',NULL,NULL,'2018-07-15 20:51:17','1','管理员',NULL,NULL,NULL,NULL,NULL,NULL,NULL,NULL,NULL,'ac88ceb386aa4231b09bf472cb937c24','0'),('c7a8aced551441a0b4bc0fe96ff68e74','641645b3143f4c5b9dab15aff52bc53f','group','28','button','-1',NULL,NULL,'2018-07-16 19:39:45','1','管理员',NULL,NULL,NULL,NULL,NULL,NULL,NULL,NULL,NULL,'ac88ceb386aa4231b09bf472cb937c24','1'),('c83529eb4e8d43dbb5466250c9b3b97f','268fd8c30e654ce49a463cd56da4487a','group','0f6064b57c7e4d9fb0e79c7d82c9f421','button','-1',NULL,NULL,'2018-07-25 10:16:03','1','管理员',NULL,NULL,NULL,NULL,NULL,NULL,NULL,NULL,NULL,'ac88ceb386aa4231b09bf472cb937c24','0'),('c86c123b98bc40fdafb525529c432c8c','b0bfc23bd12f47418044c556405b52ac','group','20','button','-1',NULL,NULL,'2018-03-06 11:34:07','a1a2cb17b4f24e50bbde2f1b8a233bcb','测试租户',NULL,NULL,NULL,NULL,NULL,NULL,NULL,NULL,NULL,'1ec08564dcc344018d6aaa910068f0f0','0'),('c88a775fb9b44ecb994c6f00f2e8f4a8','641645b3143f4c5b9dab15aff52bc53f','group','228ee167e2f84ec58d2b4cdcd53ba00a','menu','-1',NULL,NULL,'2018-07-17 09:44:20','1','管理员',NULL,NULL,NULL,NULL,NULL,NULL,NULL,NULL,NULL,'ac88ceb386aa4231b09bf472cb937c24','0'),('c8ba65c87dcd40e3adc27fd9270d85b2','258651cfd4ca41cbaa70d1b233659b5c','group','4','button','-1',NULL,NULL,NULL,NULL,NULL,NULL,NULL,NULL,NULL,NULL,NULL,NULL,NULL,NULL,NULL,'0'),('ca067df7f6dd42e79b4caa4113e4a1ec','268fd8c30e654ce49a463cd56da4487a','group','e7e798d8f7354086bc76f264b80f7c89','button','-1',NULL,NULL,'2018-07-27 09:42:10','1','管理员',NULL,NULL,NULL,NULL,NULL,NULL,NULL,NULL,NULL,'ac88ceb386aa4231b09bf472cb937c24','0'),('ca2c6cb87fdc4292bee08042305289aa','12af673457474b8f9f90eaffce28185c','group','53','button','-1',NULL,NULL,'2018-07-11 11:36:34','1','管理员',NULL,NULL,NULL,NULL,NULL,NULL,NULL,NULL,NULL,'ac88ceb386aa4231b09bf472cb937c24','0'),('ca35120d71dd48fa86179dd2e25784f7','641645b3143f4c5b9dab15aff52bc53f','group','07a8365e204743159ba624f99e0a2159','menu','-1',NULL,NULL,'2018-07-17 09:44:20','1','管理员',NULL,NULL,NULL,NULL,NULL,NULL,NULL,NULL,NULL,'ac88ceb386aa4231b09bf472cb937c24','0'),('cac46fb29d404c95bad24b30e820af6f','641645b3143f4c5b9dab15aff52bc53f','group','d765d735278c455e92c900460e0d4df9','menu','-1',NULL,NULL,'2018-07-16 19:39:46','1','管理员',NULL,NULL,NULL,NULL,NULL,NULL,NULL,NULL,NULL,'ac88ceb386aa4231b09bf472cb937c24','1'),('cb0ac5ca7a924f13b23460d6936295de','258651cfd4ca41cbaa70d1b233659b5c','group','23','button','-1',NULL,NULL,NULL,NULL,NULL,NULL,NULL,NULL,NULL,NULL,NULL,NULL,NULL,NULL,NULL,'0'),('cc93b2e18b2744938b70ef412af061b6','258651cfd4ca41cbaa70d1b233659b5c','group','33','menu','-1',NULL,NULL,'2018-07-16 11:36:29','1','管理员',NULL,NULL,NULL,NULL,NULL,NULL,NULL,NULL,NULL,'ac88ceb386aa4231b09bf472cb937c24','0'),('cde7b606a6d1417ca4256480203bbeb0','268fd8c30e654ce49a463cd56da4487a','group','228ee167e2f84ec58d2b4cdcd53ba00a','menu','-1',NULL,NULL,'2018-08-02 09:45:44','1','管理员',NULL,NULL,NULL,NULL,NULL,NULL,NULL,NULL,NULL,'ac88ceb386aa4231b09bf472cb937c24','0'),('ce2e1d05a0f14021b741c11583ac0a70','12af673457474b8f9f90eaffce28185c','group','16','button','-1',NULL,NULL,'2018-07-11 11:35:58','1','管理员',NULL,NULL,NULL,NULL,NULL,NULL,NULL,NULL,NULL,'ac88ceb386aa4231b09bf472cb937c24','0'),('ce3cb82110674fe0acb0825954c6f978','268fd8c30e654ce49a463cd56da4487a','group','dda5528222cf48f4bc220cc3afbe7c95','menu','-1',NULL,NULL,'2018-08-02 09:45:44','1','管理员',NULL,NULL,NULL,NULL,NULL,NULL,NULL,NULL,NULL,'ac88ceb386aa4231b09bf472cb937c24','0'),('cea646cc24224a96a1f547e4d1b8f433','268fd8c30e654ce49a463cd56da4487a','group','f779a4a58b9d43d6942c0f8cabd95c23','menu','-1',NULL,NULL,'2018-08-02 09:45:44','1','管理员',NULL,NULL,NULL,NULL,NULL,NULL,NULL,NULL,NULL,'ac88ceb386aa4231b09bf472cb937c24','0'),('cf281f7249d345bd9f5e1825da909664','268fd8c30e654ce49a463cd56da4487a','group','21','menu','-1',NULL,NULL,'2018-08-02 09:45:44','1','管理员',NULL,NULL,NULL,NULL,NULL,NULL,NULL,NULL,NULL,'ac88ceb386aa4231b09bf472cb937c24','0'),('cf4d054654994c6990dca272caa4a93d','641645b3143f4c5b9dab15aff52bc53f','group','10da7231bdc14a8fb1d84ceaf7c256e2','menu','-1',NULL,NULL,'2018-07-16 19:39:46','1','管理员',NULL,NULL,NULL,NULL,NULL,NULL,NULL,NULL,NULL,'ac88ceb386aa4231b09bf472cb937c24','1'),('d02349f513b547718b7bfe30bc012e76','258651cfd4ca41cbaa70d1b233659b5c','group','68ee45b69c0f41cb9d6a5c33d46fb7a6','menu','-1',NULL,NULL,'2018-07-16 11:36:29','1','管理员',NULL,NULL,NULL,NULL,NULL,NULL,NULL,NULL,NULL,'ac88ceb386aa4231b09bf472cb937c24','0'),('d0251b5066b149d48eccdfb1c26ca3a2','12af673457474b8f9f90eaffce28185c','group','9','button','-1',NULL,NULL,'2018-07-11 11:36:28','1','管理员',NULL,NULL,NULL,NULL,NULL,NULL,NULL,NULL,NULL,'ac88ceb386aa4231b09bf472cb937c24','0'),('d03f76a896ac4a3aac14ddadc1bd8a9f','258651cfd4ca41cbaa70d1b233659b5c','group','6','menu','-1',NULL,NULL,'2018-07-16 11:36:29','1','管理员',NULL,NULL,NULL,NULL,NULL,NULL,NULL,NULL,NULL,'ac88ceb386aa4231b09bf472cb937c24','0'),('d13e961443fc4f56817ae155792e5ed6','258651cfd4ca41cbaa70d1b233659b5c','group','59','button','-1',NULL,NULL,NULL,NULL,NULL,NULL,NULL,NULL,NULL,NULL,NULL,NULL,NULL,NULL,NULL,'0'),('d18d845218ed41e5b15fc97acac94c00','-1','group','7','menu','-1',NULL,NULL,'2018-03-06 09:57:13','a1a2cb17b4f24e50bbde2f1b8a233bcb','测试租户',NULL,NULL,NULL,NULL,NULL,NULL,NULL,NULL,NULL,'1ec08564dcc344018d6aaa910068f0f0','1'),('d2190eae47eb4bceb657b6eb61b4a050','12af673457474b8f9f90eaffce28185c','group','13','button','-1',NULL,NULL,'2018-07-11 11:36:23','1','管理员',NULL,NULL,NULL,NULL,NULL,NULL,NULL,NULL,NULL,'ac88ceb386aa4231b09bf472cb937c24','0'),('d2aa9986802d418f845514fd6a286832','-1','group','6','menu','-1',NULL,NULL,'2018-03-06 09:57:13','a1a2cb17b4f24e50bbde2f1b8a233bcb','测试租户',NULL,NULL,NULL,NULL,NULL,NULL,NULL,NULL,NULL,'1ec08564dcc344018d6aaa910068f0f0','1'),('d3273d4826d945649f5b575fbb6ae989','268fd8c30e654ce49a463cd56da4487a','group','3f17d4128cde4cbb8b60e0eda1def15f','menu','-1',NULL,NULL,'2018-07-15 18:29:00','1','管理员',NULL,NULL,NULL,NULL,NULL,NULL,NULL,NULL,NULL,'ac88ceb386aa4231b09bf472cb937c24','1'),('d4a9737ee20049a3b97687301b472754','258651cfd4ca41cbaa70d1b233659b5c','group','b5211cc69d234b28a97f27e63edc9a58','menu','-1',NULL,NULL,'2018-07-16 11:36:29','1','管理员',NULL,NULL,NULL,NULL,NULL,NULL,NULL,NULL,NULL,'ac88ceb386aa4231b09bf472cb937c24','0'),('d4b0c3ddb45d484a8a17d2a038b82161','366af0a7fd79453fbe54c0d24917ec4b','group','13','menu','-1',NULL,NULL,NULL,NULL,NULL,NULL,NULL,NULL,NULL,NULL,NULL,NULL,NULL,NULL,NULL,'0'),('d4b8556b3dda429ebbfbbe0b9ec90ba8','b0bfc23bd12f47418044c556405b52ac','group','16','button','-1',NULL,NULL,'2018-03-06 11:34:07','a1a2cb17b4f24e50bbde2f1b8a233bcb','测试租户',NULL,NULL,NULL,NULL,NULL,NULL,NULL,NULL,NULL,'1ec08564dcc344018d6aaa910068f0f0','0'),('d4caecceb6714c6fb95e9775d88be0e8','-1','group','13','menu','-1',NULL,NULL,'2018-03-06 09:56:51','a1a2cb17b4f24e50bbde2f1b8a233bcb','测试租户',NULL,NULL,NULL,NULL,NULL,NULL,NULL,NULL,NULL,'1ec08564dcc344018d6aaa910068f0f0','0'),('d825484346144357b0e5730635e6212d','268fd8c30e654ce49a463cd56da4487a','group','19','button','-1',NULL,NULL,'2018-07-11 11:37:18','1','管理员',NULL,NULL,NULL,NULL,NULL,NULL,NULL,NULL,NULL,'ac88ceb386aa4231b09bf472cb937c24','0'),('d98d5fd4ab5f4579aa2a57fd19a8fc45','641645b3143f4c5b9dab15aff52bc53f','group','228ee167e2f84ec58d2b4cdcd53ba00a','menu','-1',NULL,NULL,'2018-07-16 19:39:46','1','管理员',NULL,NULL,NULL,NULL,NULL,NULL,NULL,NULL,NULL,'ac88ceb386aa4231b09bf472cb937c24','1'),('da2c26d274634f0c8ab393ad852a8b09','258651cfd4ca41cbaa70d1b233659b5c','group','c6469be83d8e4d5ca404b46b347f7d4c','button','-1',NULL,NULL,NULL,NULL,NULL,NULL,NULL,NULL,NULL,NULL,NULL,NULL,NULL,NULL,NULL,'1'),('da59720803af42208a3d6f0f4f3e98eb','641645b3143f4c5b9dab15aff52bc53f','group','3f17d4128cde4cbb8b60e0eda1def15f','menu','-1',NULL,NULL,'2018-07-17 09:44:20','1','管理员',NULL,NULL,NULL,NULL,NULL,NULL,NULL,NULL,NULL,'ac88ceb386aa4231b09bf472cb937c24','0'),('da99c43b10f141c688fda3ff0865d2ce','641645b3143f4c5b9dab15aff52bc53f','group','22','button','-1',NULL,NULL,'2018-07-16 19:37:09','1','管理员',NULL,NULL,NULL,NULL,NULL,NULL,NULL,NULL,NULL,'ac88ceb386aa4231b09bf472cb937c24','0'),('dadb41580d864f8088efd8614012200a','258651cfd4ca41cbaa70d1b233659b5c','group','68ee45b69c0f41cb9d6a5c33d46fb8a6','menu','-1',NULL,NULL,'2018-07-16 11:36:29','1','管理员',NULL,NULL,NULL,NULL,NULL,NULL,NULL,NULL,NULL,'ac88ceb386aa4231b09bf472cb937c24','0'),('db0c5dcf55874e50843286ed62ff8a66','258651cfd4ca41cbaa70d1b233659b5c','group','6','menu','-1',NULL,NULL,'2018-03-06 11:56:07','1','Mr.AG',NULL,NULL,NULL,NULL,NULL,NULL,NULL,NULL,NULL,'ac88ceb386aa4231b09bf472cb937c24','1'),('dbaaf82bf20b47bdb8100455cd2d63d5','268fd8c30e654ce49a463cd56da4487a','group','-1','menu','-1',NULL,NULL,'2018-07-15 18:29:00','1','管理员',NULL,NULL,NULL,NULL,NULL,NULL,NULL,NULL,NULL,'ac88ceb386aa4231b09bf472cb937c24','1'),('dd1fad49ea9342e7b324dad8e08d1ecd','641645b3143f4c5b9dab15aff52bc53f','group','0a97822a9b1748bdb62de65285cb8aff','menu','-1',NULL,NULL,'2018-07-16 19:39:46','1','管理员',NULL,NULL,NULL,NULL,NULL,NULL,NULL,NULL,NULL,'ac88ceb386aa4231b09bf472cb937c24','1'),('dd25ed940fa5423985ca163a31b8277a','641645b3143f4c5b9dab15aff52bc53f','group','7','menu','-1',NULL,NULL,'2018-07-16 19:39:46','1','管理员',NULL,NULL,NULL,NULL,NULL,NULL,NULL,NULL,NULL,'ac88ceb386aa4231b09bf472cb937c24','1'),('dd3428d095004c379a5ac02cea344ffc','641645b3143f4c5b9dab15aff52bc53f','group','b5211cc69d234b28a97f27e63edc9a58','menu','-1',NULL,NULL,'2018-07-16 19:39:46','1','管理员',NULL,NULL,NULL,NULL,NULL,NULL,NULL,NULL,NULL,'ac88ceb386aa4231b09bf472cb937c24','1'),('dd93cd9767054ffb8054f8dad5c7a361','12af673457474b8f9f90eaffce28185c','group','5','menu','-1',NULL,NULL,'2018-07-16 19:21:32','1','管理员',NULL,NULL,NULL,NULL,NULL,NULL,NULL,NULL,NULL,'ac88ceb386aa4231b09bf472cb937c24','0'),('dd9ea6586d1844568ab9ba66f9df9440','268fd8c30e654ce49a463cd56da4487a','group','13','button','-1',NULL,NULL,'2018-07-11 11:37:21','1','管理员',NULL,NULL,NULL,NULL,NULL,NULL,NULL,NULL,NULL,'ac88ceb386aa4231b09bf472cb937c24','0'),('dfdd671c38d84498b228bbd7bfc4b076','12af673457474b8f9f90eaffce28185c','group','228ee167e2f84ec58d2b4cdcd53ba00a','menu','-1',NULL,NULL,'2018-07-11 11:30:43','1','管理员',NULL,NULL,NULL,NULL,NULL,NULL,NULL,NULL,NULL,'ac88ceb386aa4231b09bf472cb937c24','1'),('e03e2d80fe7043d08cadd9b4ac47f8be','12af673457474b8f9f90eaffce28185c','group','cd4b3e8511874c34b6a8423d3d566025','menu','-1',NULL,NULL,'2018-07-11 11:30:43','1','管理员',NULL,NULL,NULL,NULL,NULL,NULL,NULL,NULL,NULL,'ac88ceb386aa4231b09bf472cb937c24','1'),('e195a1ad8a784d3e813ae20e4879a57d','268fd8c30e654ce49a463cd56da4487a','group','07a8365e204743159ba624f99e0a2159','menu','-1',NULL,NULL,'2018-07-15 18:29:00','1','管理员',NULL,NULL,NULL,NULL,NULL,NULL,NULL,NULL,NULL,'ac88ceb386aa4231b09bf472cb937c24','1'),('e19bf5b10e8f431b9c01e0213fa39b41','258651cfd4ca41cbaa70d1b233659b5c','group','ef73cc9bf70d448caf72e3f45015700a','button','-1',NULL,NULL,NULL,NULL,NULL,NULL,NULL,NULL,NULL,NULL,NULL,NULL,NULL,NULL,NULL,'1'),('e1b31c5828ce4d3485c9d35de0752dca','258651cfd4ca41cbaa70d1b233659b5c','group','22','button','-1',NULL,NULL,NULL,NULL,NULL,NULL,NULL,NULL,NULL,NULL,NULL,NULL,NULL,NULL,NULL,'0'),('e1bf257da1314d78b8ee2c92f87c13ec','366af0a7fd79453fbe54c0d24917ec4b','group','3','button','-1',NULL,NULL,NULL,NULL,NULL,NULL,NULL,NULL,NULL,NULL,NULL,NULL,NULL,NULL,NULL,'0'),('e2843ee8897b473eb7931c1b024b85ff','641645b3143f4c5b9dab15aff52bc53f','group','4ee4f57a2d92494abe2595bff4f32057','button','-1',NULL,NULL,'2018-07-16 19:37:09','1','管理员',NULL,NULL,NULL,NULL,NULL,NULL,NULL,NULL,NULL,'ac88ceb386aa4231b09bf472cb937c24','0'),('e3024eb9b1194e34884d22a2e1f73d05','641645b3143f4c5b9dab15aff52bc53f','group','16','button','-1',NULL,NULL,'2018-07-16 19:26:50','1','管理员',NULL,NULL,NULL,NULL,NULL,NULL,NULL,NULL,NULL,'ac88ceb386aa4231b09bf472cb937c24','0'),('e38822dfa84840e6afa9e67dbaf2edcd','b0bfc23bd12f47418044c556405b52ac','group','22','button','-1',NULL,NULL,'2018-03-06 11:34:07','a1a2cb17b4f24e50bbde2f1b8a233bcb','测试租户',NULL,NULL,NULL,NULL,NULL,NULL,NULL,NULL,NULL,'1ec08564dcc344018d6aaa910068f0f0','0'),('e3ee37acd2d045e2a231134047a793f6','268fd8c30e654ce49a463cd56da4487a','group','10','button','-1',NULL,NULL,'2018-07-11 11:37:21','1','管理员',NULL,NULL,NULL,NULL,NULL,NULL,NULL,NULL,NULL,'ac88ceb386aa4231b09bf472cb937c24','0'),('e43ac2d407d14891a5e55d815f144338','258651cfd4ca41cbaa70d1b233659b5c','group','17','button','-1',NULL,NULL,NULL,NULL,NULL,NULL,NULL,NULL,NULL,NULL,NULL,NULL,NULL,NULL,NULL,'1'),('e4782b08fc72473e8f837e525331f20f','12af673457474b8f9f90eaffce28185c','group','13','menu','-1',NULL,NULL,'2018-07-16 19:21:32','1','管理员',NULL,NULL,NULL,NULL,NULL,NULL,NULL,NULL,NULL,'ac88ceb386aa4231b09bf472cb937c24','0'),('e60351a3e972479aa844b1e2c09bdd21','258651cfd4ca41cbaa70d1b233659b5c','group','35','menu','-1',NULL,NULL,'2018-07-16 11:36:29','1','管理员',NULL,NULL,NULL,NULL,NULL,NULL,NULL,NULL,NULL,'ac88ceb386aa4231b09bf472cb937c24','0'),('e61c9b8e848f497faf070d5f8ca212bb','641645b3143f4c5b9dab15aff52bc53f','group','33677cfb621e42fc869e0ad120336af6','menu','-1',NULL,NULL,'2018-07-16 19:39:46','1','管理员',NULL,NULL,NULL,NULL,NULL,NULL,NULL,NULL,NULL,'ac88ceb386aa4231b09bf472cb937c24','1'),('e64e6cf321cc4e53a7c82bbc6d251861','268fd8c30e654ce49a463cd56da4487a','group','20','button','-1',NULL,NULL,'2018-07-11 11:37:18','1','管理员',NULL,NULL,NULL,NULL,NULL,NULL,NULL,NULL,NULL,'ac88ceb386aa4231b09bf472cb937c24','0'),('e67cc640a615475d835bea473c8d6fb5','258651cfd4ca41cbaa70d1b233659b5c','group','abffed78ed544f1c82edc72c6923f51c','menu','-1',NULL,NULL,'2018-07-16 11:36:29','1','管理员',NULL,NULL,NULL,NULL,NULL,NULL,NULL,NULL,NULL,'ac88ceb386aa4231b09bf472cb937c24','0'),('e72e2b709b4c4e5f8f65ee9dd21fd057','258651cfd4ca41cbaa70d1b233659b5c','group','ef73cc9bf70d448caf72e3f45015700a','button','-1',NULL,NULL,NULL,NULL,NULL,NULL,NULL,NULL,NULL,NULL,NULL,NULL,NULL,NULL,NULL,'0'),('e81c15526cb646faa396c7ad7a686462','641645b3143f4c5b9dab15aff52bc53f','group','bb9bd4ab26e4497f8558a944e9f614bf','menu','-1',NULL,NULL,'2018-07-16 19:39:46','1','管理员',NULL,NULL,NULL,NULL,NULL,NULL,NULL,NULL,NULL,'ac88ceb386aa4231b09bf472cb937c24','1'),('e85c38fe60894a08b846f61a94ebfa18','641645b3143f4c5b9dab15aff52bc53f','group','1','menu','-1',NULL,NULL,'2018-07-17 09:44:20','1','管理员',NULL,NULL,NULL,NULL,NULL,NULL,NULL,NULL,NULL,'ac88ceb386aa4231b09bf472cb937c24','0'),('e954568751364a8795a80cd89e1dc037','268fd8c30e654ce49a463cd56da4487a','group','15','button','-1',NULL,NULL,'2018-07-11 11:37:21','1','管理员',NULL,NULL,NULL,NULL,NULL,NULL,NULL,NULL,NULL,'ac88ceb386aa4231b09bf472cb937c24','0'),('eaf0fda0c5e34c7db95c346cbc0bf22f','258651cfd4ca41cbaa70d1b233659b5c','group','30','menu','-1',NULL,NULL,'2018-07-16 11:36:29','1','管理员',NULL,NULL,NULL,NULL,NULL,NULL,NULL,NULL,NULL,'ac88ceb386aa4231b09bf472cb937c24','0'),('ebaaf6520507473a8b1a41d8ec692053','268fd8c30e654ce49a463cd56da4487a','group','21b3fe683a6040ed8c57423e55cd94a2','button','-1',NULL,NULL,'2018-07-11 11:37:18','1','管理员',NULL,NULL,NULL,NULL,NULL,NULL,NULL,NULL,NULL,'ac88ceb386aa4231b09bf472cb937c24','0'),('ebc38855ff5c42dbbce75c39f9bb9f42','12af673457474b8f9f90eaffce28185c','group','5','button','-1',NULL,NULL,'2018-07-11 11:35:51','1','管理员',NULL,NULL,NULL,NULL,NULL,NULL,NULL,NULL,NULL,'ac88ceb386aa4231b09bf472cb937c24','0'),('ec567e30c35446018bb87edeffc760b7','268fd8c30e654ce49a463cd56da4487a','group','efed244e86d442fe9f8661b7a2acd3d0','menu','-1',NULL,NULL,'2018-08-02 09:45:44','1','管理员',NULL,NULL,NULL,NULL,NULL,NULL,NULL,NULL,NULL,'ac88ceb386aa4231b09bf472cb937c24','0'),('eca4d4ab03394788bbb9177a408c5160','12af673457474b8f9f90eaffce28185c','group','b5211cc69d234b28a97f27e63edc9a58','menu','-1',NULL,NULL,'2018-07-16 19:21:32','1','管理员',NULL,NULL,NULL,NULL,NULL,NULL,NULL,NULL,NULL,'ac88ceb386aa4231b09bf472cb937c24','0'),('eda8b201ab5c417e81a7bf83ffd8b4b0','268fd8c30e654ce49a463cd56da4487a','group','33677cfb621e42fc869e0ad120336af6','menu','-1',NULL,NULL,'2018-08-02 09:45:44','1','管理员',NULL,NULL,NULL,NULL,NULL,NULL,NULL,NULL,NULL,'ac88ceb386aa4231b09bf472cb937c24','0'),('eec394e11a5d4c08992125573d33bab6','268fd8c30e654ce49a463cd56da4487a','group','4426c01774744cfa889eb2305e5abf0a','button','-1',NULL,NULL,'2018-07-25 10:16:03','1','管理员',NULL,NULL,NULL,NULL,NULL,NULL,NULL,NULL,NULL,'ac88ceb386aa4231b09bf472cb937c24','0'),('eed49a3bb36a434cacc4e6e284fe64b2','12af673457474b8f9f90eaffce28185c','group','24','button','-1',NULL,NULL,'2018-07-11 11:36:26','1','管理员',NULL,NULL,NULL,NULL,NULL,NULL,NULL,NULL,NULL,'ac88ceb386aa4231b09bf472cb937c24','0'),('efe30be366174df9a6a6920ebfca6d02','12af673457474b8f9f90eaffce28185c','group','-1','menu','-1',NULL,NULL,'2018-07-11 11:30:43','1','管理员',NULL,NULL,NULL,NULL,NULL,NULL,NULL,NULL,NULL,'ac88ceb386aa4231b09bf472cb937c24','1'),('f20e94780e544f4a8686a655f625f124','268fd8c30e654ce49a463cd56da4487a','group','88076aff1c914839886a0367e3176392','menu','-1',NULL,NULL,'2018-07-15 18:29:00','1','管理员',NULL,NULL,NULL,NULL,NULL,NULL,NULL,NULL,NULL,'ac88ceb386aa4231b09bf472cb937c24','1'),('f2374ac6a6594258a99b435d8adf7756','12af673457474b8f9f90eaffce28185c','group','14','button','-1',NULL,NULL,'2018-07-11 11:36:24','1','管理员',NULL,NULL,NULL,NULL,NULL,NULL,NULL,NULL,NULL,'ac88ceb386aa4231b09bf472cb937c24','0'),('f24e0401537b4d1a8cf323b8410515ee','12af673457474b8f9f90eaffce28185c','group','56','button','-1',NULL,NULL,'2018-07-11 11:35:29','1','管理员',NULL,NULL,NULL,NULL,NULL,NULL,NULL,NULL,NULL,'ac88ceb386aa4231b09bf472cb937c24','0'),('f2cd26c61d6f40a1ba7cf14b915bd9fa','258651cfd4ca41cbaa70d1b233659b5c','group','93008be59a3540438c3990382ea483c0','menu','-1',NULL,NULL,'2018-07-16 11:36:29','1','管理员',NULL,NULL,NULL,NULL,NULL,NULL,NULL,NULL,NULL,'ac88ceb386aa4231b09bf472cb937c24','0'),('f2fe1150f0ab486c85443b5052516e63','-1','group','7a0a75752c7d422abd2e30b7aad744d7','menu','-1',NULL,NULL,'2018-03-06 09:57:13','a1a2cb17b4f24e50bbde2f1b8a233bcb','测试租户',NULL,NULL,NULL,NULL,NULL,NULL,NULL,NULL,NULL,'1ec08564dcc344018d6aaa910068f0f0','1'),('f3b8b7d4fd224b92a182f5edac3b0522','258651cfd4ca41cbaa70d1b233659b5c','group','19','button','-1',NULL,NULL,NULL,NULL,NULL,NULL,NULL,NULL,NULL,NULL,NULL,NULL,NULL,NULL,NULL,'0'),('f3bf9ea034e444c08b7ca2c3a86d0c7e','258651cfd4ca41cbaa70d1b233659b5c','group','59','button','-1',NULL,NULL,NULL,NULL,NULL,NULL,NULL,NULL,NULL,NULL,NULL,NULL,NULL,NULL,NULL,'1'),('f3c69a8cb96a4ab4818603ec1eb3e057','268fd8c30e654ce49a463cd56da4487a','group','33677cfb621e42fc869e0ad120336af6','menu','-1',NULL,NULL,'2018-07-15 18:29:00','1','管理员',NULL,NULL,NULL,NULL,NULL,NULL,NULL,NULL,NULL,'ac88ceb386aa4231b09bf472cb937c24','1'),('f4044e45425d4f93b834fd91d9c3ea32','258651cfd4ca41cbaa70d1b233659b5c','group','b5211cc69d234b28a97f27e63edc9a58','menu','-1',NULL,NULL,'2018-03-06 11:56:07','1','Mr.AG',NULL,NULL,NULL,NULL,NULL,NULL,NULL,NULL,NULL,'ac88ceb386aa4231b09bf472cb937c24','1'),('f47acbca353844869daed67166c80c39','258651cfd4ca41cbaa70d1b233659b5c','group','8','menu','-1',NULL,NULL,'2018-07-16 11:36:29','1','管理员',NULL,NULL,NULL,NULL,NULL,NULL,NULL,NULL,NULL,'ac88ceb386aa4231b09bf472cb937c24','0'),('f593a4fa34dc47e7bacf9b8c4b43cf61','641645b3143f4c5b9dab15aff52bc53f','group','18','button','-1',NULL,NULL,'2018-07-16 19:26:50','1','管理员',NULL,NULL,NULL,NULL,NULL,NULL,NULL,NULL,NULL,'ac88ceb386aa4231b09bf472cb937c24','0'),('f7f7d1e5ffb84c38909e99a6940ca03e','258651cfd4ca41cbaa70d1b233659b5c','group','18','button','-1',NULL,NULL,NULL,NULL,NULL,NULL,NULL,NULL,NULL,NULL,NULL,NULL,NULL,NULL,NULL,'1'),('f8c2f63256d740ac93fca56c040bff4d','b0bfc23bd12f47418044c556405b52ac','group','23','button','-1',NULL,NULL,'2018-03-06 08:30:44','a1a2cb17b4f24e50bbde2f1b8a233bcb','测试租户',NULL,NULL,NULL,NULL,NULL,NULL,NULL,NULL,NULL,'1ec08564dcc344018d6aaa910068f0f0','0'),('f943b12e960c4f24a7cbc8c2f8100553','12af673457474b8f9f90eaffce28185c','group','51','button','-1',NULL,NULL,'2018-07-11 11:36:34','1','管理员',NULL,NULL,NULL,NULL,NULL,NULL,NULL,NULL,NULL,'ac88ceb386aa4231b09bf472cb937c24','0'),('f96a9425b188416e9b7165c07ed5579e','258651cfd4ca41cbaa70d1b233659b5c','group','20','button','-1',NULL,NULL,NULL,NULL,NULL,NULL,NULL,NULL,NULL,NULL,NULL,NULL,NULL,NULL,NULL,'0'),('f9987e0a126747d59964e503bf098f68','641645b3143f4c5b9dab15aff52bc53f','group','5','button','-1',NULL,NULL,'2018-07-16 19:26:42','1','管理员',NULL,NULL,NULL,NULL,NULL,NULL,NULL,NULL,NULL,'ac88ceb386aa4231b09bf472cb937c24','0'),('f9fdddc528ec43a1856eb2fa7d05cccb','641645b3143f4c5b9dab15aff52bc53f','group','8a97eb6b7bb241cba8a3ec7c6bb458dd','menu','-1',NULL,NULL,'2018-07-17 09:44:20','1','管理员',NULL,NULL,NULL,NULL,NULL,NULL,NULL,NULL,NULL,'ac88ceb386aa4231b09bf472cb937c24','0'),('fa0043ed332e4e63a86d4627690cdc12','12af673457474b8f9f90eaffce28185c','group','-1','menu','-1',NULL,NULL,'2018-07-16 19:21:32','1','管理员',NULL,NULL,NULL,NULL,NULL,NULL,NULL,NULL,NULL,'ac88ceb386aa4231b09bf472cb937c24','0'),('faebfb6f224743f89db2c6e4b42ef568','258651cfd4ca41cbaa70d1b233659b5c','group','58','button','-1',NULL,NULL,NULL,NULL,NULL,NULL,NULL,NULL,NULL,NULL,NULL,NULL,NULL,NULL,NULL,'1'),('fb0811cdcb2743a0abaccab0033e680b','258651cfd4ca41cbaa70d1b233659b5c','group','375b04fe927c44e88593d02670acd90f','button','-1',NULL,NULL,NULL,NULL,NULL,NULL,NULL,NULL,NULL,NULL,NULL,NULL,NULL,NULL,NULL,'0'),('fc091c9db8f04b7ba2d248fdf644ad32','268fd8c30e654ce49a463cd56da4487a','group','ef73cc9bf70d448caf72e3f45015700a','button','-1',NULL,NULL,'2018-07-15 20:51:17','1','管理员',NULL,NULL,NULL,NULL,NULL,NULL,NULL,NULL,NULL,'ac88ceb386aa4231b09bf472cb937c24','0'),('fc148f55e6ce443081e4f27bdb431be7','258651cfd4ca41cbaa70d1b233659b5c','group','a703daba1aa74174a26df830f49a3cd8','menu','-1',NULL,NULL,'2018-07-16 11:36:29','1','管理员',NULL,NULL,NULL,NULL,NULL,NULL,NULL,NULL,NULL,'ac88ceb386aa4231b09bf472cb937c24','0'),('fd79cc67d7c647bab21ab252e5b4e66e','258651cfd4ca41cbaa70d1b233659b5c','group','7','menu','-1',NULL,NULL,'2018-07-16 11:36:29','1','管理员',NULL,NULL,NULL,NULL,NULL,NULL,NULL,NULL,NULL,'ac88ceb386aa4231b09bf472cb937c24','0'),('feb9a53ed4b44190b08205e7e94e2550','12af673457474b8f9f90eaffce28185c','group','33677cfb621e42fc869e0ad120336af6','menu','-1',NULL,NULL,'2018-07-11 11:30:43','1','管理员',NULL,NULL,NULL,NULL,NULL,NULL,NULL,NULL,NULL,'ac88ceb386aa4231b09bf472cb937c24','1');

/*Table structure for table `base_tenant` */

DROP TABLE IF EXISTS `base_tenant`;

CREATE TABLE `base_tenant` (
  `id` varchar(36) NOT NULL,
  `code` varchar(255) DEFAULT NULL COMMENT '编码',
  `name` varchar(255) DEFAULT NULL COMMENT '最后更新时间',
  `crt_user_name` varchar(255) DEFAULT NULL COMMENT '创建人',
  `crt_user_id` varchar(36) DEFAULT NULL COMMENT '创建人ID',
  `crt_time` datetime DEFAULT NULL COMMENT '创建时间',
  `upd_user_name` varchar(255) DEFAULT NULL COMMENT '最后更新人',
  `upd_user_id` varchar(36) DEFAULT NULL COMMENT '最后更新人ID',
  `upd_time` datetime DEFAULT NULL COMMENT '最后更新时间',
  `attr1` varchar(255) DEFAULT NULL,
  `attr2` varchar(255) DEFAULT NULL,
  `attr3` varchar(255) DEFAULT NULL,
  `attr4` varchar(255) DEFAULT NULL,
  `description` varchar(500) DEFAULT NULL,
  `is_super_tenant` varchar(1) DEFAULT NULL COMMENT '是否超级租户',
  `tenant_id` varchar(36) DEFAULT NULL,
  `owner` varchar(36) DEFAULT NULL COMMENT '拥有者',
  PRIMARY KEY (`id`) USING BTREE
) ENGINE=InnoDB DEFAULT CHARSET=utf8mb4 ROW_FORMAT=DYNAMIC COMMENT='租户表';

/*Data for the table `base_tenant` */

insert  into `base_tenant`(`id`,`code`,`name`,`crt_user_name`,`crt_user_id`,`crt_time`,`upd_user_name`,`upd_user_id`,`upd_time`,`attr1`,`attr2`,`attr3`,`attr4`,`description`,`is_super_tenant`,`tenant_id`,`owner`) values ('0eaef51b9ddb46d8a179ec273ac08aec','ancientBuildInspect','古建筑巡查项目','管理员','1','2018-07-16 18:58:22','管理员','1','2018-07-16 19:14:48',NULL,NULL,NULL,NULL,'古建筑巡查项目','0','ac88ceb386aa4231b09bf472cb937c24','c6d7a4de605b4f928b34411bc677a522'),('1ec08564dcc344018d6aaa910068f0f0','testTenant','测试租户','Mr.AG','1','2018-02-12 15:30:54','管理员','1','2018-07-16 19:24:47',NULL,NULL,NULL,NULL,'测试租户','0','ac88ceb386aa4231b09bf472cb937c24','3b4a70f71c794ee894f11d5c15cf296f'),('2d90cfe4ca4648a193b05de645f5ae54','evidenceAssisReview','技术性证据快速审查协助平台','管理员','1','2018-07-16 18:59:12','管理员','1','2018-07-16 19:15:02',NULL,NULL,NULL,NULL,'技术性证据快速审查协助平台','0','ac88ceb386aa4231b09bf472cb937c24','a035e8755fc54617b80c24bea3cdc630'),('9da5649b2cbb477ab680bd347059bac7','compreLawEnforce','综合执法项目','管理员','1','2018-07-11 11:06:28','管理员','1','2018-07-16 19:15:10',NULL,NULL,NULL,NULL,'综合执法项目','0','ac88ceb386aa4231b09bf472cb937c24','92f6022bbe6743ef90d8b30718de2c81'),('ac88ceb386aa4231b09bf472cb937c24','superTenant','超级租户','Mr.AG','1','2018-02-09 16:31:20','Mr.AG','1','2018-02-15 10:57:13',NULL,NULL,NULL,NULL,'超级租户','1','ac88ceb386aa4231b09bf472cb937c24','1'),('b4745bd9334f45ccbf2271d880d61ecb','comprehensiveManage','综合治理项目','管理员','1','2018-07-11 11:06:46','管理员','1','2018-07-16 19:15:20',NULL,NULL,NULL,NULL,'综合治理项目','0','ac88ceb386aa4231b09bf472cb937c24','b0786af38a5944e687840963c853dfa4');

/*Table structure for table `base_user` */

DROP TABLE IF EXISTS `base_user`;

CREATE TABLE `base_user` (
  `id` varchar(36) NOT NULL,
  `username` varchar(100) DEFAULT NULL,
  `password` varchar(255) DEFAULT NULL,
  `name` varchar(255) DEFAULT NULL,
  `birthday` varchar(255) DEFAULT NULL,
  `address` varchar(255) DEFAULT NULL,
  `mobile_phone` varchar(255) DEFAULT NULL,
  `tel_phone` varchar(255) DEFAULT NULL,
  `email` varchar(255) DEFAULT NULL,
  `sex` varchar(16) DEFAULT NULL,
  `type` char(1) DEFAULT NULL,
  `status` char(1) DEFAULT NULL,
  `description` varchar(255) DEFAULT NULL,
  `crt_time` datetime DEFAULT NULL,
  `crt_user_id` varchar(255) DEFAULT NULL,
  `crt_user_name` varchar(255) DEFAULT NULL,
  `upd_time` datetime DEFAULT NULL,
  `upd_user_id` varchar(255) DEFAULT NULL,
  `upd_user_name` varchar(255) DEFAULT NULL,
  `order_num` int(11) DEFAULT NULL,
  `attr1` varchar(1020) DEFAULT NULL COMMENT '图片',
  `attr2` varchar(255) DEFAULT NULL,
  `attr3` varchar(255) DEFAULT NULL,
  `attr4` varchar(255) DEFAULT NULL,
  `attr5` varchar(255) DEFAULT NULL,
  `attr6` varchar(255) DEFAULT NULL,
  `attr7` varchar(255) DEFAULT NULL,
  `attr8` varchar(255) DEFAULT NULL,
  `tenant_id` varchar(36) DEFAULT NULL COMMENT '租户Id',
  `is_deleted` char(1) DEFAULT NULL COMMENT '是否删除',
  `is_disabled` char(1) DEFAULT NULL COMMENT '是否作废',
  `depart_id` varchar(36) DEFAULT NULL COMMENT '默认部门',
  `is_super_admin` varchar(1) DEFAULT NULL,
  PRIMARY KEY (`id`) USING BTREE,
  UNIQUE KEY `unique_usernane` (`username`) USING BTREE
) ENGINE=InnoDB DEFAULT CHARSET=utf8mb4 ROW_FORMAT=DYNAMIC;

/*Data for the table `base_user` */

insert  into `base_user`(`id`,`username`,`password`,`name`,`birthday`,`address`,`mobile_phone`,`tel_phone`,`email`,`sex`,`type`,`status`,`description`,`crt_time`,`crt_user_id`,`crt_user_name`,`upd_time`,`upd_user_id`,`upd_user_name`,`order_num`,`attr1`,`attr2`,`attr3`,`attr4`,`attr5`,`attr6`,`attr7`,`attr8`,`tenant_id`,`is_deleted`,`is_disabled`,`depart_id`,`is_super_admin`) values ('1','admin','llkBN85pg0fnDhuTsiKZviTyk6pX6MDIuBNhzMdqeHo=','管理员','',NULL,'',NULL,'','男',NULL,NULL,'',NULL,NULL,NULL,'2018-07-11 11:40:04','1','管理员',NULL,NULL,NULL,NULL,NULL,NULL,NULL,NULL,NULL,'ac88ceb386aa4231b09bf472cb937c24','0','0','root','1'),('2147a930090546c1ad9d4ef98330e97c','licheng','fbyogQ6r8uzypA1XfU+UkS+Unv7vCwfTO/CvaU4bpLA=','licheng',NULL,NULL,NULL,NULL,NULL,'男',NULL,NULL,NULL,'2018-07-11 11:17:16','1','管理员','2018-07-11 11:17:16','1','管理员',NULL,NULL,NULL,NULL,NULL,NULL,NULL,NULL,NULL,'9da5649b2cbb477ab680bd347059bac7','0','0','9250f76e502e4c99985520c06f5378fc','0'),('3b4a70f71c794ee894f11d5c15cf296f','guochaoyi','JVijTU0glkyh0nKrJszOlRHYgFeVk81MngGrke0A8yU=','郭朝义',NULL,NULL,NULL,NULL,NULL,'男',NULL,NULL,'waeweq ','2018-07-08 14:43:00','1','管理员','2018-07-11 11:17:44','1','管理员',NULL,NULL,NULL,NULL,NULL,NULL,NULL,NULL,NULL,'1ec08564dcc344018d6aaa910068f0f0','0','0','fe3f79bcf2c540559156275cd801843b','0'),('59c28b8593c2472e99e54e3ed9b6efe8','wxiaoqi','jZae727K08KaOmKSgOaGzww/XVqGr/PKEgIMkjrcbJI=','王贵照',NULL,NULL,NULL,NULL,NULL,'男',NULL,NULL,NULL,'2018-02-12 23:41:35','a1a2cb17b4f24e50bbde2f1b8a233bcb','测试租户','2018-02-12 23:54:07','a1a2cb17b4f24e50bbde2f1b8a233bcb','测试租户',NULL,NULL,NULL,NULL,NULL,NULL,NULL,NULL,NULL,'ac88ceb386aa4231b09bf472cb937c24','0','0','d8bb2fc8d51745458f77a78c42bf60ab','0'),('5b29e88e363c41c394ad50cf830f6e0a','test','pHzKp/VBtCp0aCWMkSwQIUBZaJi7ZN420Fara5pjN9c=','孙丽华',NULL,NULL,NULL,NULL,NULL,'男',NULL,NULL,NULL,'2018-03-28 20:11:07','1','Mr.AG','2018-08-02 14:35:32','5b29e88e363c41c394ad50cf830f6e0a','孙丽华',NULL,NULL,NULL,NULL,NULL,NULL,NULL,NULL,NULL,'ac88ceb386aa4231b09bf472cb937c24','0','0','root','0'),('661a50504b554fcdad578518b82ff623','GJZ_admin','ad7UE2Ee5/7tLd5lKGEuK2n2S5z2j6VvY8JQsf8wpZ0=','古建筑巡查项目管理员',NULL,NULL,NULL,NULL,NULL,'男',NULL,NULL,'古建筑巡查项目管理员','2018-07-16 19:06:38','1','管理员','2018-07-16 19:08:55','1','管理员',NULL,NULL,NULL,NULL,NULL,NULL,NULL,NULL,NULL,'ac88ceb386aa4231b09bf472cb937c24','1','0','ef46a308050a48f8bf7f68e6159c97d3','0'),('92f6022bbe6743ef90d8b30718de2c81','zzzf_admin','ad7UE2Ee5/7tLd5lKGEuK2n2S5z2j6VvY8JQsf8wpZ0=','综合执法项目管理员',NULL,NULL,NULL,NULL,NULL,'man',NULL,NULL,'综合执法项目管理员','2018-07-16 19:03:58','1','管理员','2018-07-16 19:03:58','1','管理员',NULL,NULL,NULL,NULL,NULL,NULL,NULL,NULL,NULL,'9da5649b2cbb477ab680bd347059bac7','0','0','9250f76e502e4c99985520c06f5378fc','0'),('9305e0dd01014842b758aa806c46952b','123','jZae727K08KaOmKSgOaGzww/XVqGr/PKEgIMkjrcbJI=','朱崇尧',NULL,NULL,NULL,NULL,NULL,'男',NULL,NULL,NULL,'2018-04-04 19:43:54','1','Mr.AG','2018-04-04 19:44:40','1','Mr.AG',NULL,NULL,NULL,NULL,NULL,NULL,NULL,NULL,NULL,'ac88ceb386aa4231b09bf472cb937c24','1','0','root','0'),('a035e8755fc54617b80c24bea3cdc630','jsxsc_admin','ad7UE2Ee5/7tLd5lKGEuK2n2S5z2j6VvY8JQsf8wpZ0=','技术性审查项目管理员',NULL,NULL,NULL,NULL,NULL,'男',NULL,NULL,'技术性审查项目管理员','2018-07-16 19:08:30','1','管理员','2018-07-16 19:08:30','1','管理员',NULL,NULL,NULL,NULL,NULL,NULL,NULL,NULL,NULL,'2d90cfe4ca4648a193b05de645f5ae54','0','0','ef46a308050a48f8bf7f68e6159c97d3','0'),('a1a2cb17b4f24e50bbde2f1b8a233bcb','tenant','jZae727K08KaOmKSgOaGzww/XVqGr/PKEgIMkjrcbJI=','测试租户',NULL,NULL,NULL,NULL,NULL,'男',NULL,NULL,NULL,'2018-02-12 20:27:14','1','Mr.AG','2018-03-10 13:19:10','1','Mr.AG',NULL,NULL,NULL,NULL,NULL,NULL,NULL,NULL,NULL,'1ec08564dcc344018d6aaa910068f0f0','0','0','d583e7de6d2d48b78fb3c7dcb180cb1f','0'),('a4da7641babe4436830a83812b6febca','11111','vLFfghR5tNV3K9DKhmwArV+SbjWAcgZZzIDTnJ0JgCo=','11111','111111',NULL,'13800138000',NULL,'11111@bjzhianjia.com','男',NULL,NULL,'11111','2018-07-08 16:16:20','1','管理员','2018-07-08 16:17:28','1','管理员',NULL,'111111',NULL,NULL,NULL,NULL,NULL,NULL,NULL,'ac88ceb386aa4231b09bf472cb937c24','0','0','fe3f79bcf2c540559156275cd801843b','0'),('b0786af38a5944e687840963c853dfa4','zz_admin','ad7UE2Ee5/7tLd5lKGEuK2n2S5z2j6VvY8JQsf8wpZ0=','综治项目管理员',NULL,NULL,NULL,NULL,NULL,'男',NULL,NULL,'综治项目管理员','2018-07-16 19:03:10','1','管理员','2018-07-16 19:03:10','1','管理员',NULL,NULL,NULL,NULL,NULL,NULL,NULL,NULL,NULL,'b4745bd9334f45ccbf2271d880d61ecb','0','0','fe3f79bcf2c540559156275cd801843b','0'),('c6d7a4de605b4f928b34411bc677a522','gjzxc_admin','ad7UE2Ee5/7tLd5lKGEuK2n2S5z2j6VvY8JQsf8wpZ0=','古建筑巡查项目管理员',NULL,NULL,NULL,NULL,NULL,'男',NULL,NULL,'古建筑巡查项目管理员','2018-07-16 19:13:00','1','管理员','2018-07-16 19:13:00','1','管理员',NULL,NULL,NULL,NULL,NULL,NULL,NULL,NULL,NULL,'0eaef51b9ddb46d8a179ec273ac08aec','0','0','ef46a308050a48f8bf7f68e6159c97d3','0'),('cd22f879ce8a46daa04bf1f4c27f2da6','jsxsc_test','3epSsZeZTCSKH3OJfrFbQ7WgLHK8LfjN77wYMgjLWx4=','技术性审查系统测试账户',NULL,NULL,NULL,NULL,NULL,'男',NULL,NULL,'技术性审查系统测试账户','2018-07-16 19:34:11','a035e8755fc54617b80c24bea3cdc630','技术性审查项目管理员','2018-07-16 19:39:05','a035e8755fc54617b80c24bea3cdc630','技术性审查项目管理员',NULL,NULL,NULL,NULL,NULL,NULL,NULL,NULL,NULL,'2d90cfe4ca4648a193b05de645f5ae54','0','0','af89d11c540e4740b04fa32541356099','0');

/*Table structure for table `gate_log` */

DROP TABLE IF EXISTS `gate_log`;

CREATE TABLE `gate_log` (
  `id` int(11) NOT NULL AUTO_INCREMENT COMMENT '序号',
  `tenant_id` varchar(36) DEFAULT NULL COMMENT '租户Id',
  `menu` varchar(255) DEFAULT NULL COMMENT '菜单',
  `opt` varchar(255) DEFAULT NULL COMMENT '操作',
  `uri` varchar(255) DEFAULT NULL COMMENT '资源路径',
  `crt_time` datetime DEFAULT NULL COMMENT '操作时间',
  `crt_user` varchar(255) DEFAULT NULL COMMENT '操作人ID',
  `crt_name` varchar(255) DEFAULT NULL COMMENT '操作人',
  `crt_host` varchar(255) DEFAULT NULL COMMENT '操作主机',
  PRIMARY KEY (`id`) USING BTREE
) ENGINE=InnoDB AUTO_INCREMENT=689 DEFAULT CHARSET=utf8mb4 ROW_FORMAT=DYNAMIC;

/*Data for the table `gate_log` */

insert  into `gate_log`(`id`,`tenant_id`,`menu`,`opt`,`uri`,`crt_time`,`crt_user`,`crt_name`,`crt_host`) values (1,'ac88ceb386aa4231b09bf472cb937c24','部门管理','新增部门值','/admin/depart','2018-02-12 20:09:46','1','Mr.AG','127.0.0.1'),(2,'ac88ceb386aa4231b09bf472cb937c24','部门管理','删除部门值','/admin/depart','2018-02-12 20:12:14','1','Mr.AG','127.0.0.1'),(3,'ac88ceb386aa4231b09bf472cb937c24','部门管理','删除部门值','/admin/depart','2018-02-12 20:12:14','1','Mr.AG','127.0.0.1'),(4,'ac88ceb386aa4231b09bf472cb937c24','部门管理','新增部门值','/admin/depart','2018-02-12 20:12:18','1','Mr.AG','127.0.0.1'),(5,'ac88ceb386aa4231b09bf472cb937c24','部门管理','编辑部门值','/admin/depart','2018-02-12 20:13:55','1','Mr.AG','127.0.0.1'),(6,'ac88ceb386aa4231b09bf472cb937c24','部门管理','新增部门值','/admin/depart','2018-02-12 20:15:49','1','Mr.AG','127.0.0.1'),(7,'ac88ceb386aa4231b09bf472cb937c24','部门管理','新增部门值','/admin/depart','2018-02-12 20:19:34','1','Mr.AG','127.0.0.1'),(8,'ac88ceb386aa4231b09bf472cb937c24','部门管理','新增部门值','/admin/depart','2018-02-12 20:19:42','1','Mr.AG','127.0.0.1'),(9,'ac88ceb386aa4231b09bf472cb937c24','部门管理','新增部门值','/admin/depart','2018-02-12 20:20:09','1','Mr.AG','127.0.0.1'),(10,'ac88ceb386aa4231b09bf472cb937c24','部门管理','新增部门值','/admin/depart','2018-02-12 20:20:46','1','Mr.AG','127.0.0.1'),(11,'ac88ceb386aa4231b09bf472cb937c24','部门管理','删除部门值','/admin/depart','2018-02-12 20:25:55','1','Mr.AG','127.0.0.1'),(12,'ac88ceb386aa4231b09bf472cb937c24','部门管理','删除部门值','/admin/depart','2018-02-12 20:25:57','1','Mr.AG','127.0.0.1'),(13,'ac88ceb386aa4231b09bf472cb937c24','部门管理','编辑部门值','/admin/depart','2018-02-12 20:26:25','1','Mr.AG','127.0.0.1'),(14,'ac88ceb386aa4231b09bf472cb937c24','用户管理','新增','/admin/user','2018-02-12 20:27:10','1','Mr.AG','127.0.0.1'),(15,'ac88ceb386aa4231b09bf472cb937c24','用户管理','编辑','/admin/user','2018-02-12 20:29:42','1','Mr.AG','127.0.0.1'),(16,'ac88ceb386aa4231b09bf472cb937c24','菜单管理','新增元素','/admin/element','2018-02-12 21:05:47','1','Mr.AG','127.0.0.1'),(17,'ac88ceb386aa4231b09bf472cb937c24','租户管理','编辑租户','/admin/tenant','2018-02-12 21:22:59','1','Mr.AG','127.0.0.1'),(18,'ac88ceb386aa4231b09bf472cb937c24','租户管理','编辑租户','/admin/tenant','2018-02-12 21:32:00','1','Mr.AG','127.0.0.1'),(19,'ac88ceb386aa4231b09bf472cb937c24','租户管理','编辑租户','/admin/tenant','2018-02-12 21:33:02','1','Mr.AG','127.0.0.1'),(20,'ac88ceb386aa4231b09bf472cb937c24','租户管理','编辑租户','/admin/tenant','2018-02-12 21:34:47','1','Mr.AG','127.0.0.1'),(21,'ac88ceb386aa4231b09bf472cb937c24','租户管理','编辑租户','/admin/tenant','2018-02-12 21:41:39','1','Mr.AG','127.0.0.1'),(22,'ac88ceb386aa4231b09bf472cb937c24','角色权限管理','新增','/admin/group','2018-02-12 23:20:07','1','Mr.AG','127.0.0.1'),(23,'ac88ceb386aa4231b09bf472cb937c24','角色权限管理','新增','/admin/group','2018-02-12 23:20:47','1','Mr.AG','127.0.0.1'),(24,'ac88ceb386aa4231b09bf472cb937c24','角色权限管理','新增','/admin/group','2018-02-12 23:20:53','1','Mr.AG','127.0.0.1'),(25,'ac88ceb386aa4231b09bf472cb937c24','角色权限管理','新增','/admin/group','2018-02-12 23:25:14','1','Mr.AG','127.0.0.1'),(26,'ac88ceb386aa4231b09bf472cb937c24','角色权限管理','编辑','/admin/group','2018-02-12 23:25:22','1','Mr.AG','127.0.0.1'),(27,'ac88ceb386aa4231b09bf472cb937c24','角色权限管理','新增','/admin/group','2018-02-12 23:25:46','1','Mr.AG','127.0.0.1'),(28,'ac88ceb386aa4231b09bf472cb937c24','角色权限管理','新增','/admin/group','2018-02-12 23:26:12','1','Mr.AG','127.0.0.1'),(29,'ac88ceb386aa4231b09bf472cb937c24','角色权限管理','新增','/admin/group','2018-02-12 23:26:27','1','Mr.AG','127.0.0.1'),(30,'ac88ceb386aa4231b09bf472cb937c24','角色权限管理','新增','/admin/group','2018-02-12 23:26:36','1','Mr.AG','127.0.0.1'),(31,'ac88ceb386aa4231b09bf472cb937c24','角色权限管理','新增','/admin/group','2018-02-12 23:26:36','1','Mr.AG','127.0.0.1'),(32,'ac88ceb386aa4231b09bf472cb937c24','角色权限管理','新增','/admin/group','2018-02-12 23:26:36','1','Mr.AG','127.0.0.1'),(33,'ac88ceb386aa4231b09bf472cb937c24','角色权限管理','新增','/admin/group','2018-02-12 23:26:36','1','Mr.AG','127.0.0.1'),(34,'ac88ceb386aa4231b09bf472cb937c24','角色权限管理','新增','/admin/group','2018-02-12 23:26:46','1','Mr.AG','127.0.0.1'),(35,'ac88ceb386aa4231b09bf472cb937c24','角色权限管理','新增','/admin/group','2018-02-12 23:26:50','1','Mr.AG','127.0.0.1'),(36,'ac88ceb386aa4231b09bf472cb937c24','角色权限管理','新增','/admin/group','2018-02-12 23:26:50','1','Mr.AG','127.0.0.1'),(37,'ac88ceb386aa4231b09bf472cb937c24','角色权限管理','新增','/admin/group','2018-02-12 23:26:50','1','Mr.AG','127.0.0.1'),(38,'ac88ceb386aa4231b09bf472cb937c24','角色权限管理','新增','/admin/group','2018-02-12 23:26:50','1','Mr.AG','127.0.0.1'),(39,'ac88ceb386aa4231b09bf472cb937c24','角色权限管理','新增','/admin/group','2018-02-12 23:26:50','1','Mr.AG','127.0.0.1'),(40,'ac88ceb386aa4231b09bf472cb937c24','角色权限管理','新增','/admin/group','2018-02-12 23:26:50','1','Mr.AG','127.0.0.1'),(41,'ac88ceb386aa4231b09bf472cb937c24','角色权限管理','新增','/admin/group','2018-02-12 23:26:50','1','Mr.AG','127.0.0.1'),(42,'ac88ceb386aa4231b09bf472cb937c24','角色权限管理','新增','/admin/group','2018-02-12 23:26:50','1','Mr.AG','127.0.0.1'),(43,'ac88ceb386aa4231b09bf472cb937c24','角色权限管理','新增','/admin/group','2018-02-12 23:26:50','1','Mr.AG','127.0.0.1'),(44,'ac88ceb386aa4231b09bf472cb937c24','角色权限管理','新增','/admin/group','2018-02-12 23:26:50','1','Mr.AG','127.0.0.1'),(45,'ac88ceb386aa4231b09bf472cb937c24','角色权限管理','新增','/admin/group','2018-02-12 23:26:50','1','Mr.AG','127.0.0.1'),(46,'ac88ceb386aa4231b09bf472cb937c24','角色权限管理','新增','/admin/group','2018-02-12 23:26:55','1','Mr.AG','127.0.0.1'),(47,'ac88ceb386aa4231b09bf472cb937c24','角色权限管理','新增','/admin/group','2018-02-12 23:26:58','1','Mr.AG','127.0.0.1'),(48,'ac88ceb386aa4231b09bf472cb937c24','角色权限管理','新增','/admin/group','2018-02-12 23:26:59','1','Mr.AG','127.0.0.1'),(49,'ac88ceb386aa4231b09bf472cb937c24','角色权限管理','新增','/admin/group','2018-02-12 23:26:59','1','Mr.AG','127.0.0.1'),(50,'ac88ceb386aa4231b09bf472cb937c24','角色权限管理','新增','/admin/group','2018-02-12 23:26:59','1','Mr.AG','127.0.0.1'),(51,'ac88ceb386aa4231b09bf472cb937c24','角色权限管理','新增','/admin/group','2018-02-12 23:26:59','1','Mr.AG','127.0.0.1'),(52,'ac88ceb386aa4231b09bf472cb937c24','角色权限管理','新增','/admin/group','2018-02-12 23:26:59','1','Mr.AG','127.0.0.1'),(53,'ac88ceb386aa4231b09bf472cb937c24','角色权限管理','新增','/admin/group','2018-02-12 23:26:59','1','Mr.AG','127.0.0.1'),(54,'ac88ceb386aa4231b09bf472cb937c24','角色权限管理','新增','/admin/group','2018-02-12 23:27:00','1','Mr.AG','127.0.0.1'),(55,'ac88ceb386aa4231b09bf472cb937c24','角色权限管理','新增','/admin/group','2018-02-12 23:27:00','1','Mr.AG','127.0.0.1'),(56,'ac88ceb386aa4231b09bf472cb937c24','角色权限管理','新增','/admin/group','2018-02-12 23:27:00','1','Mr.AG','127.0.0.1'),(57,'ac88ceb386aa4231b09bf472cb937c24','角色权限管理','新增','/admin/group','2018-02-12 23:27:00','1','Mr.AG','127.0.0.1'),(58,'ac88ceb386aa4231b09bf472cb937c24','角色权限管理','新增','/admin/group','2018-02-12 23:27:00','1','Mr.AG','127.0.0.1'),(59,'ac88ceb386aa4231b09bf472cb937c24','角色权限管理','新增','/admin/group','2018-02-12 23:27:00','1','Mr.AG','127.0.0.1'),(60,'ac88ceb386aa4231b09bf472cb937c24','角色权限管理','新增','/admin/group','2018-02-12 23:27:00','1','Mr.AG','127.0.0.1'),(61,'ac88ceb386aa4231b09bf472cb937c24','角色权限管理','新增','/admin/group','2018-02-12 23:27:01','1','Mr.AG','127.0.0.1'),(62,'ac88ceb386aa4231b09bf472cb937c24','角色权限管理','新增','/admin/group','2018-02-12 23:27:07','1','Mr.AG','127.0.0.1'),(63,'ac88ceb386aa4231b09bf472cb937c24','角色权限管理','新增','/admin/group','2018-02-12 23:27:07','1','Mr.AG','127.0.0.1'),(64,'ac88ceb386aa4231b09bf472cb937c24','角色权限管理','新增','/admin/group','2018-02-12 23:27:07','1','Mr.AG','127.0.0.1'),(65,'ac88ceb386aa4231b09bf472cb937c24','角色权限管理','新增','/admin/group','2018-02-12 23:27:07','1','Mr.AG','127.0.0.1'),(66,'ac88ceb386aa4231b09bf472cb937c24','角色权限管理','新增','/admin/group','2018-02-12 23:27:09','1','Mr.AG','127.0.0.1'),(67,'ac88ceb386aa4231b09bf472cb937c24','角色权限管理','新增','/admin/group','2018-02-12 23:27:09','1','Mr.AG','127.0.0.1'),(68,'ac88ceb386aa4231b09bf472cb937c24','角色权限管理','新增','/admin/group','2018-02-12 23:27:09','1','Mr.AG','127.0.0.1'),(69,'ac88ceb386aa4231b09bf472cb937c24','角色权限管理','新增','/admin/group','2018-02-12 23:27:09','1','Mr.AG','127.0.0.1'),(70,'ac88ceb386aa4231b09bf472cb937c24','角色权限管理','新增','/admin/group','2018-02-12 23:27:10','1','Mr.AG','127.0.0.1'),(71,'ac88ceb386aa4231b09bf472cb937c24','角色权限管理','新增','/admin/group','2018-02-12 23:27:10','1','Mr.AG','127.0.0.1'),(72,'ac88ceb386aa4231b09bf472cb937c24','角色权限管理','新增','/admin/group','2018-02-12 23:27:10','1','Mr.AG','127.0.0.1'),(73,'ac88ceb386aa4231b09bf472cb937c24','角色权限管理','新增','/admin/group','2018-02-12 23:27:10','1','Mr.AG','127.0.0.1'),(74,'ac88ceb386aa4231b09bf472cb937c24','角色权限管理','新增','/admin/group','2018-02-12 23:27:10','1','Mr.AG','127.0.0.1'),(75,'ac88ceb386aa4231b09bf472cb937c24','角色权限管理','新增','/admin/group','2018-02-12 23:27:10','1','Mr.AG','127.0.0.1'),(76,'ac88ceb386aa4231b09bf472cb937c24','角色权限管理','新增','/admin/group','2018-02-12 23:27:10','1','Mr.AG','127.0.0.1'),(77,'ac88ceb386aa4231b09bf472cb937c24','角色权限管理','新增','/admin/group','2018-02-12 23:27:13','1','Mr.AG','127.0.0.1'),(78,'ac88ceb386aa4231b09bf472cb937c24','角色权限管理','新增','/admin/group','2018-02-12 23:27:13','1','Mr.AG','127.0.0.1'),(79,'ac88ceb386aa4231b09bf472cb937c24','角色权限管理','新增','/admin/group','2018-02-12 23:27:13','1','Mr.AG','127.0.0.1'),(80,'ac88ceb386aa4231b09bf472cb937c24','角色权限管理','新增','/admin/group','2018-02-12 23:27:13','1','Mr.AG','127.0.0.1'),(81,'ac88ceb386aa4231b09bf472cb937c24','角色权限管理','新增','/admin/group','2018-02-12 23:27:13','1','Mr.AG','127.0.0.1'),(82,'ac88ceb386aa4231b09bf472cb937c24','角色权限管理','新增','/admin/group','2018-02-12 23:27:13','1','Mr.AG','127.0.0.1'),(83,'ac88ceb386aa4231b09bf472cb937c24','角色权限管理','新增','/admin/group','2018-02-12 23:27:13','1','Mr.AG','127.0.0.1'),(84,'ac88ceb386aa4231b09bf472cb937c24','角色权限管理','新增','/admin/group','2018-02-12 23:27:13','1','Mr.AG','127.0.0.1'),(85,'ac88ceb386aa4231b09bf472cb937c24','角色权限管理','新增','/admin/group','2018-02-12 23:27:13','1','Mr.AG','127.0.0.1'),(86,'ac88ceb386aa4231b09bf472cb937c24','角色权限管理','新增','/admin/group','2018-02-12 23:27:13','1','Mr.AG','127.0.0.1'),(87,'ac88ceb386aa4231b09bf472cb937c24','角色权限管理','新增','/admin/group','2018-02-12 23:27:13','1','Mr.AG','127.0.0.1'),(88,'ac88ceb386aa4231b09bf472cb937c24','角色权限管理','新增','/admin/group','2018-02-12 23:27:13','1','Mr.AG','127.0.0.1'),(89,'ac88ceb386aa4231b09bf472cb937c24','角色权限管理','新增','/admin/group','2018-02-12 23:27:14','1','Mr.AG','127.0.0.1'),(90,'ac88ceb386aa4231b09bf472cb937c24','角色权限管理','新增','/admin/group','2018-02-12 23:27:15','1','Mr.AG','127.0.0.1'),(91,'ac88ceb386aa4231b09bf472cb937c24','角色权限管理','新增','/admin/group','2018-02-12 23:34:56','1','Mr.AG','127.0.0.1'),(92,'ac88ceb386aa4231b09bf472cb937c24','角色权限管理','新增','/admin/group','2018-02-12 23:36:12','1','Mr.AG','127.0.0.1'),(93,'ac88ceb386aa4231b09bf472cb937c24','角色权限管理','新增','/admin/group','2018-02-12 23:38:15','1','Mr.AG','127.0.0.1'),(94,'ac88ceb386aa4231b09bf472cb937c24','角色权限管理','新增','/admin/group','2018-02-12 23:38:16','1','Mr.AG','127.0.0.1'),(95,'ac88ceb386aa4231b09bf472cb937c24','角色权限管理','新增','/admin/group','2018-02-12 23:38:18','1','Mr.AG','127.0.0.1'),(96,'1ec08564dcc344018d6aaa910068f0f0','部门管理','新增部门值','/admin/depart','2018-02-12 23:38:29','a1a2cb17b4f24e50bbde2f1b8a233bcb','测试租户','127.0.0.1'),(97,'1ec08564dcc344018d6aaa910068f0f0','部门管理','编辑部门值','/admin/depart','2018-02-12 23:40:45','a1a2cb17b4f24e50bbde2f1b8a233bcb','测试租户','127.0.0.1'),(98,'1ec08564dcc344018d6aaa910068f0f0','用户管理','新增','/admin/user','2018-02-12 23:41:32','a1a2cb17b4f24e50bbde2f1b8a233bcb','测试租户','127.0.0.1'),(99,'1ec08564dcc344018d6aaa910068f0f0','用户管理','编辑','/admin/user','2018-02-12 23:54:06','a1a2cb17b4f24e50bbde2f1b8a233bcb','测试租户','127.0.0.1'),(100,'1ec08564dcc344018d6aaa910068f0f0','用户管理','编辑','/admin/user','2018-02-12 23:54:12','a1a2cb17b4f24e50bbde2f1b8a233bcb','测试租户','127.0.0.1'),(101,'1ec08564dcc344018d6aaa910068f0f0','部门管理','删除部门值','/admin/depart','2018-02-12 23:58:38','a1a2cb17b4f24e50bbde2f1b8a233bcb','测试租户','127.0.0.1'),(102,'1ec08564dcc344018d6aaa910068f0f0','部门管理','删除部门值','/admin/depart','2018-02-12 23:58:41','a1a2cb17b4f24e50bbde2f1b8a233bcb','测试租户','127.0.0.1'),(103,'1ec08564dcc344018d6aaa910068f0f0','角色权限管理','新增','/admin/group','2018-02-13 00:04:26','a1a2cb17b4f24e50bbde2f1b8a233bcb','测试租户','127.0.0.1'),(104,'1ec08564dcc344018d6aaa910068f0f0','角色权限管理','新增','/admin/group','2018-02-13 00:05:06','a1a2cb17b4f24e50bbde2f1b8a233bcb','测试租户','127.0.0.1'),(105,'1ec08564dcc344018d6aaa910068f0f0','角色权限管理','新增','/admin/group','2018-02-13 00:05:07','a1a2cb17b4f24e50bbde2f1b8a233bcb','测试租户','127.0.0.1'),(106,'1ec08564dcc344018d6aaa910068f0f0','角色权限管理','新增','/admin/group','2018-02-13 00:05:09','a1a2cb17b4f24e50bbde2f1b8a233bcb','测试租户','127.0.0.1'),(107,'1ec08564dcc344018d6aaa910068f0f0','部门管理','新增岗位','/admin/position','2018-02-13 00:05:28','a1a2cb17b4f24e50bbde2f1b8a233bcb','测试租户','127.0.0.1'),(108,'1ec08564dcc344018d6aaa910068f0f0','部门管理','新增岗位','/admin/position','2018-02-13 00:06:50','a1a2cb17b4f24e50bbde2f1b8a233bcb','测试租户','127.0.0.1'),(109,'1ec08564dcc344018d6aaa910068f0f0','部门管理','新增岗位','/admin/position','2018-02-13 00:07:28','a1a2cb17b4f24e50bbde2f1b8a233bcb','测试租户','127.0.0.1'),(110,'1ec08564dcc344018d6aaa910068f0f0','部门管理','新增岗位','/admin/position','2018-02-13 00:12:54','a1a2cb17b4f24e50bbde2f1b8a233bcb','测试租户','127.0.0.1'),(111,'1ec08564dcc344018d6aaa910068f0f0','部门管理','新增岗位','/admin/position','2018-02-13 00:14:18','a1a2cb17b4f24e50bbde2f1b8a233bcb','测试租户','127.0.0.1'),(112,'1ec08564dcc344018d6aaa910068f0f0','部门管理','新增岗位','/admin/position','2018-02-13 00:14:50','a1a2cb17b4f24e50bbde2f1b8a233bcb','测试租户','127.0.0.1'),(113,'1ec08564dcc344018d6aaa910068f0f0','部门管理','新增岗位','/admin/position','2018-02-13 00:15:46','a1a2cb17b4f24e50bbde2f1b8a233bcb','测试租户','127.0.0.1'),(114,'1ec08564dcc344018d6aaa910068f0f0','部门管理','分配岗位角色','/admin/position/{*}/group','2018-02-13 00:16:30','a1a2cb17b4f24e50bbde2f1b8a233bcb','测试租户','127.0.0.1'),(115,'1ec08564dcc344018d6aaa910068f0f0','部门管理','分配岗位人员','/admin/position/{*}/user','2018-02-13 00:17:36','a1a2cb17b4f24e50bbde2f1b8a233bcb','测试租户','127.0.0.1'),(116,'1ec08564dcc344018d6aaa910068f0f0','部门管理','分配岗位角色','/admin/position/{*}/group','2018-02-13 00:26:23','a1a2cb17b4f24e50bbde2f1b8a233bcb','测试租户','127.0.0.1'),(117,'1ec08564dcc344018d6aaa910068f0f0','角色权限管理','新增','/admin/group','2018-02-13 13:44:58','a1a2cb17b4f24e50bbde2f1b8a233bcb','测试租户','127.0.0.1'),(118,'1ec08564dcc344018d6aaa910068f0f0','角色权限管理','新增','/admin/group','2018-02-13 13:45:08','a1a2cb17b4f24e50bbde2f1b8a233bcb','测试租户','127.0.0.1'),(119,'1ec08564dcc344018d6aaa910068f0f0','角色权限管理','新增','/admin/group','2018-02-13 13:45:13','a1a2cb17b4f24e50bbde2f1b8a233bcb','测试租户','127.0.0.1'),(120,'1ec08564dcc344018d6aaa910068f0f0','角色权限管理','新增','/admin/group','2018-02-13 13:45:20','a1a2cb17b4f24e50bbde2f1b8a233bcb','测试租户','127.0.0.1'),(121,'1ec08564dcc344018d6aaa910068f0f0','角色权限管理','新增','/admin/group','2018-02-13 13:45:20','a1a2cb17b4f24e50bbde2f1b8a233bcb','测试租户','127.0.0.1'),(122,'1ec08564dcc344018d6aaa910068f0f0','角色权限管理','新增','/admin/group','2018-02-13 13:45:28','a1a2cb17b4f24e50bbde2f1b8a233bcb','测试租户','127.0.0.1'),(123,'1ec08564dcc344018d6aaa910068f0f0','角色权限管理','新增','/admin/group','2018-02-13 13:45:29','a1a2cb17b4f24e50bbde2f1b8a233bcb','测试租户','127.0.0.1'),(124,'1ec08564dcc344018d6aaa910068f0f0','角色权限管理','新增','/admin/group','2018-02-13 13:45:32','a1a2cb17b4f24e50bbde2f1b8a233bcb','测试租户','127.0.0.1'),(125,'1ec08564dcc344018d6aaa910068f0f0','部门管理','新增部门值','/admin/depart','2018-02-13 13:46:16','59c28b8593c2472e99e54e3ed9b6efe8','王小七','127.0.0.1'),(126,'1ec08564dcc344018d6aaa910068f0f0','部门管理','授权部门权限','/admin/position/{*}/depart','2018-02-13 13:58:08','a1a2cb17b4f24e50bbde2f1b8a233bcb','测试租户','127.0.0.1'),(127,'1ec08564dcc344018d6aaa910068f0f0','部门管理','新增部门值','/admin/depart','2018-02-13 14:20:02','a1a2cb17b4f24e50bbde2f1b8a233bcb','测试租户','127.0.0.1'),(128,'1ec08564dcc344018d6aaa910068f0f0','部门管理','授权部门权限','/admin/position/{*}/depart','2018-02-13 14:20:30','a1a2cb17b4f24e50bbde2f1b8a233bcb','测试租户','127.0.0.1'),(129,'1ec08564dcc344018d6aaa910068f0f0','部门管理','授权部门权限','/admin/position/{*}/depart','2018-02-13 14:21:38','a1a2cb17b4f24e50bbde2f1b8a233bcb','测试租户','127.0.0.1'),(130,'1ec08564dcc344018d6aaa910068f0f0','部门管理','授权部门权限','/admin/position/{*}/depart','2018-02-13 14:30:15','a1a2cb17b4f24e50bbde2f1b8a233bcb','测试租户','127.0.0.1'),(131,'1ec08564dcc344018d6aaa910068f0f0','部门管理','授权部门权限','/admin/position/{*}/depart','2018-02-13 14:30:25','a1a2cb17b4f24e50bbde2f1b8a233bcb','测试租户','127.0.0.1'),(132,'1ec08564dcc344018d6aaa910068f0f0','部门管理','授权部门权限','/admin/position/{*}/depart','2018-02-13 14:30:30','a1a2cb17b4f24e50bbde2f1b8a233bcb','测试租户','127.0.0.1'),(133,'1ec08564dcc344018d6aaa910068f0f0','部门管理','授权部门权限','/admin/position/{*}/depart','2018-02-13 14:30:35','a1a2cb17b4f24e50bbde2f1b8a233bcb','测试租户','127.0.0.1'),(134,'1ec08564dcc344018d6aaa910068f0f0','部门管理','授权部门权限','/admin/position/{*}/depart','2018-02-13 14:38:26','a1a2cb17b4f24e50bbde2f1b8a233bcb','测试租户','127.0.0.1'),(135,'1ec08564dcc344018d6aaa910068f0f0','部门管理','授权部门权限','/admin/position/{*}/depart','2018-02-13 14:38:41','a1a2cb17b4f24e50bbde2f1b8a233bcb','测试租户','127.0.0.1'),(136,'1ec08564dcc344018d6aaa910068f0f0','部门管理','授权部门权限','/admin/position/{*}/depart','2018-02-13 14:39:13','a1a2cb17b4f24e50bbde2f1b8a233bcb','测试租户','127.0.0.1'),(137,'1ec08564dcc344018d6aaa910068f0f0','部门管理','授权部门权限','/admin/position/{*}/depart','2018-02-13 14:40:17','a1a2cb17b4f24e50bbde2f1b8a233bcb','测试租户','127.0.0.1'),(138,'1ec08564dcc344018d6aaa910068f0f0','部门管理','授权部门权限','/admin/position/{*}/depart','2018-02-13 14:54:55','a1a2cb17b4f24e50bbde2f1b8a233bcb','测试租户','127.0.0.1'),(139,'1ec08564dcc344018d6aaa910068f0f0','部门管理','授权部门权限','/admin/position/{*}/depart','2018-02-13 14:55:46','a1a2cb17b4f24e50bbde2f1b8a233bcb','测试租户','127.0.0.1'),(140,'1ec08564dcc344018d6aaa910068f0f0','部门管理','授权部门权限','/admin/position/{*}/depart','2018-02-13 14:55:51','a1a2cb17b4f24e50bbde2f1b8a233bcb','测试租户','127.0.0.1'),(141,'1ec08564dcc344018d6aaa910068f0f0','部门管理','授权部门权限','/admin/position/{*}/depart','2018-02-13 14:55:55','a1a2cb17b4f24e50bbde2f1b8a233bcb','测试租户','127.0.0.1'),(142,'1ec08564dcc344018d6aaa910068f0f0','部门管理','授权部门权限','/admin/position/{*}/depart','2018-02-13 14:57:51','a1a2cb17b4f24e50bbde2f1b8a233bcb','测试租户','127.0.0.1'),(143,'1ec08564dcc344018d6aaa910068f0f0','部门管理','新增部门值','/admin/depart','2018-02-13 14:57:53','a1a2cb17b4f24e50bbde2f1b8a233bcb','测试租户','127.0.0.1'),(144,'1ec08564dcc344018d6aaa910068f0f0','部门管理','授权部门权限','/admin/position/{*}/depart','2018-02-13 15:39:45','a1a2cb17b4f24e50bbde2f1b8a233bcb','测试租户','127.0.0.1'),(145,'1ec08564dcc344018d6aaa910068f0f0','部门管理','新增部门值','/admin/depart','2018-02-13 15:40:08','a1a2cb17b4f24e50bbde2f1b8a233bcb','测试租户','127.0.0.1'),(146,'1ec08564dcc344018d6aaa910068f0f0','部门管理','新增部门值','/admin/depart','2018-02-13 15:40:09','a1a2cb17b4f24e50bbde2f1b8a233bcb','测试租户','127.0.0.1'),(147,'1ec08564dcc344018d6aaa910068f0f0','部门管理','新增部门值','/admin/depart','2018-02-13 15:40:10','a1a2cb17b4f24e50bbde2f1b8a233bcb','测试租户','127.0.0.1'),(148,'1ec08564dcc344018d6aaa910068f0f0','部门管理','新增部门值','/admin/depart','2018-02-13 15:40:10','a1a2cb17b4f24e50bbde2f1b8a233bcb','测试租户','127.0.0.1'),(149,'1ec08564dcc344018d6aaa910068f0f0','部门管理','授权部门权限','/admin/position/{*}/depart','2018-02-13 15:40:41','a1a2cb17b4f24e50bbde2f1b8a233bcb','测试租户','127.0.0.1'),(150,'1ec08564dcc344018d6aaa910068f0f0','部门管理','授权部门权限','/admin/position/{*}/depart','2018-02-13 15:41:04','a1a2cb17b4f24e50bbde2f1b8a233bcb','测试租户','127.0.0.1'),(151,'1ec08564dcc344018d6aaa910068f0f0','部门管理','授权部门权限','/admin/position/{*}/depart','2018-02-13 15:41:08','a1a2cb17b4f24e50bbde2f1b8a233bcb','测试租户','127.0.0.1'),(152,'1ec08564dcc344018d6aaa910068f0f0','部门管理','授权部门权限','/admin/position/{*}/depart','2018-02-13 16:06:30','a1a2cb17b4f24e50bbde2f1b8a233bcb','测试租户','127.0.0.1'),(153,'1ec08564dcc344018d6aaa910068f0f0','部门管理','授权部门权限','/admin/position/{*}/depart','2018-02-13 16:06:44','a1a2cb17b4f24e50bbde2f1b8a233bcb','测试租户','127.0.0.1'),(154,'1ec08564dcc344018d6aaa910068f0f0','部门管理','分配岗位角色','/admin/position/{*}/group','2018-02-13 16:18:25','a1a2cb17b4f24e50bbde2f1b8a233bcb','测试租户','127.0.0.1'),(155,'ac88ceb386aa4231b09bf472cb937c24','租户管理','编辑租户','/admin/tenant','2018-02-15 09:58:38','1','Mr.AG','127.0.0.1'),(156,'1ec08564dcc344018d6aaa910068f0f0','部门管理','分配岗位人员','/admin/position/{*}/user','2018-02-15 10:26:01','a1a2cb17b4f24e50bbde2f1b8a233bcb','测试租户','127.0.0.1'),(157,'1ec08564dcc344018d6aaa910068f0f0','部门管理','删除部门值','/admin/depart','2018-02-15 10:26:31','59c28b8593c2472e99e54e3ed9b6efe8','王小七','127.0.0.1'),(158,'1ec08564dcc344018d6aaa910068f0f0','部门管理','删除部门值','/admin/depart','2018-02-15 10:26:36','59c28b8593c2472e99e54e3ed9b6efe8','王小七','127.0.0.1'),(159,'1ec08564dcc344018d6aaa910068f0f0','部门管理','分配岗位人员','/admin/position/{*}/user','2018-02-15 10:29:54','a1a2cb17b4f24e50bbde2f1b8a233bcb','测试租户','127.0.0.1'),(160,'ac88ceb386aa4231b09bf472cb937c24','租户管理','编辑租户','/admin/tenant','2018-02-15 10:57:12','1','Mr.AG','127.0.0.1'),(161,'ac88ceb386aa4231b09bf472cb937c24','部门管理','新增岗位','/admin/position','2018-02-15 10:57:27','1','Mr.AG','127.0.0.1'),(162,'ac88ceb386aa4231b09bf472cb937c24','用户管理','编辑','/admin/user','2018-02-15 13:46:32','1','Mr.AG','127.0.0.1'),(163,'ac88ceb386aa4231b09bf472cb937c24','角色权限管理','新增','/admin/group','2018-02-15 13:46:44','1','Mr.AG','127.0.0.1'),(164,'ac88ceb386aa4231b09bf472cb937c24','部门管理','授权部门权限','/admin/position/{*}/depart','2018-02-15 13:47:20','1','Mr.AG','127.0.0.1'),(165,'ac88ceb386aa4231b09bf472cb937c24','菜单管理','新增','/admin/menu','2018-02-25 13:30:49','1','Mr.AG','127.0.0.1'),(166,'ac88ceb386aa4231b09bf472cb937c24','菜单管理','新增元素','/admin/element','2018-02-25 13:42:23','1','Mr.AG','127.0.0.1'),(167,'ac88ceb386aa4231b09bf472cb937c24','菜单管理','新增元素','/admin/element','2018-02-25 13:43:16','1','Mr.AG','127.0.0.1'),(168,'ac88ceb386aa4231b09bf472cb937c24','菜单管理','新增元素','/admin/element','2018-02-25 13:46:18','1','Mr.AG','127.0.0.1'),(169,'ac88ceb386aa4231b09bf472cb937c24','菜单管理','新增元素','/admin/element','2018-02-25 13:47:18','1','Mr.AG','127.0.0.1'),(170,'ac88ceb386aa4231b09bf472cb937c24','菜单管理','编辑元素','/admin/element','2018-02-25 13:51:39','1','Mr.AG','127.0.0.1'),(171,'ac88ceb386aa4231b09bf472cb937c24','菜单管理','编辑元素','/admin/element','2018-02-25 13:51:48','1','Mr.AG','127.0.0.1'),(172,'ac88ceb386aa4231b09bf472cb937c24','菜单管理','编辑元素','/admin/element','2018-02-25 13:51:55','1','Mr.AG','127.0.0.1'),(173,'ac88ceb386aa4231b09bf472cb937c24','菜单管理','编辑元素','/admin/element','2018-02-25 13:52:01','1','Mr.AG','127.0.0.1'),(174,'ac88ceb386aa4231b09bf472cb937c24','网关路由管理','编辑路由','/auth/gatewayRoute','2018-02-25 14:29:44','1','Mr.AG','127.0.0.1'),(175,'ac88ceb386aa4231b09bf472cb937c24','网关路由管理','编辑路由','/auth/gatewayRoute','2018-02-25 14:29:50','1','Mr.AG','127.0.0.1'),(176,'ac88ceb386aa4231b09bf472cb937c24','网关路由管理','编辑路由','/auth/gatewayRoute','2018-02-25 14:29:54','1','Mr.AG','127.0.0.1'),(177,'ac88ceb386aa4231b09bf472cb937c24','网关路由管理','禁用路由','/auth/gatewayRoute','2018-02-25 14:32:17','1','Mr.AG','127.0.0.1'),(178,'ac88ceb386aa4231b09bf472cb937c24','网关路由管理','新建路由','/auth/gatewayRoute','2018-02-25 14:33:29','1','Mr.AG','127.0.0.1'),(179,'ac88ceb386aa4231b09bf472cb937c24','网关路由管理','禁用路由','/auth/gatewayRoute','2018-02-25 14:36:33','1','Mr.AG','127.0.0.1'),(180,'ac88ceb386aa4231b09bf472cb937c24','网关路由管理','编辑路由','/auth/gatewayRoute','2018-02-25 14:38:31','1','Mr.AG','127.0.0.1'),(181,'ac88ceb386aa4231b09bf472cb937c24','网关路由管理','禁用路由','/auth/gatewayRoute','2018-02-25 14:40:37','1','Mr.AG','127.0.0.1'),(182,'ac88ceb386aa4231b09bf472cb937c24','网关路由管理','编辑路由','/auth/gatewayRoute','2018-02-25 14:41:07','1','Mr.AG','127.0.0.1'),(183,'ac88ceb386aa4231b09bf472cb937c24','网关路由管理','新建路由','/auth/gatewayRoute','2018-02-26 12:50:50','1','Mr.AG','127.0.0.1'),(184,'ac88ceb386aa4231b09bf472cb937c24','用户管理','编辑','/admin/user','2018-03-10 13:19:09','1','Mr.AG','127.0.0.1'),(185,'ac88ceb386aa4231b09bf472cb937c24','用户管理','编辑','/admin/user','2018-03-10 15:49:14','1','Mr.AG','127.0.0.1'),(186,'ac88ceb386aa4231b09bf472cb937c24','用户管理','编辑','/admin/user','2018-03-10 15:50:16','1','Mr.AG','127.0.0.1'),(187,'ac88ceb386aa4231b09bf472cb937c24','用户管理','新增','/admin/user','2018-03-11 09:15:58','1','Mr.AG','127.0.0.1'),(188,'ac88ceb386aa4231b09bf472cb937c24','用户管理','新增','/admin/user','2018-03-11 09:16:05','1','Mr.AG','127.0.0.1'),(189,'ac88ceb386aa4231b09bf472cb937c24','用户管理','新增','/admin/user','2018-03-11 09:16:13','1','Mr.AG','127.0.0.1'),(190,'ac88ceb386aa4231b09bf472cb937c24','用户管理','新增','/admin/user','2018-03-11 09:16:28','1','Mr.AG','127.0.0.1'),(191,'ac88ceb386aa4231b09bf472cb937c24','用户管理','新增','/admin/user','2018-03-11 09:21:04','1','Mr.AG','127.0.0.1'),(192,'ac88ceb386aa4231b09bf472cb937c24','用户管理','新增','/admin/user','2018-03-11 09:21:56','1','Mr.AG','127.0.0.1'),(193,'ac88ceb386aa4231b09bf472cb937c24','用户管理','新增','/admin/user','2018-03-11 09:22:47','1','Mr.AG','127.0.0.1'),(194,'ac88ceb386aa4231b09bf472cb937c24','用户管理','新增','/admin/user','2018-03-11 09:23:16','1','Mr.AG','127.0.0.1'),(195,'ac88ceb386aa4231b09bf472cb937c24','用户管理','新增','/admin/user','2018-03-11 09:23:52','1','Mr.AG','127.0.0.1'),(196,'ac88ceb386aa4231b09bf472cb937c24','用户管理','新增','/admin/user','2018-03-11 09:30:17','1','Mr.AG','127.0.0.1'),(197,'ac88ceb386aa4231b09bf472cb937c24','用户管理','新增','/admin/user','2018-03-11 09:33:01','1','Mr.AG','127.0.0.1'),(198,'ac88ceb386aa4231b09bf472cb937c24','用户管理','新增','/admin/user','2018-03-11 09:33:28','1','Mr.AG','127.0.0.1'),(199,'ac88ceb386aa4231b09bf472cb937c24','用户管理','新增','/admin/user','2018-03-11 09:34:48','1','Mr.AG','127.0.0.1'),(200,'ac88ceb386aa4231b09bf472cb937c24','用户管理','新增','/admin/user','2018-03-11 09:36:10','1','Mr.AG','127.0.0.1'),(201,'ac88ceb386aa4231b09bf472cb937c24','服务权限管理','编辑','/auth/service','2018-03-27 15:28:50','1','Mr.AG','127.0.0.1'),(202,'ac88ceb386aa4231b09bf472cb937c24','服务权限管理','编辑','/auth/service','2018-03-27 15:28:56','1','Mr.AG','127.0.0.1'),(203,'ac88ceb386aa4231b09bf472cb937c24','用户管理','新增','/admin/user','2018-03-28 20:11:04','1','Mr.AG','127.0.0.1'),(204,'ac88ceb386aa4231b09bf472cb937c24','菜单管理','新增元素','/admin/element','2018-03-28 20:19:07','1','Mr.AG','127.0.0.1'),(205,'ac88ceb386aa4231b09bf472cb937c24','菜单管理','新增元素','/admin/element','2018-03-28 20:19:54','1','Mr.AG','127.0.0.1'),(206,'ac88ceb386aa4231b09bf472cb937c24','菜单管理','新增元素','/admin/element','2018-03-28 20:20:22','1','Mr.AG','127.0.0.1'),(207,'ac88ceb386aa4231b09bf472cb937c24','菜单管理','新增元素','/admin/element','2018-03-28 20:20:47','1','Mr.AG','127.0.0.1'),(208,'ac88ceb386aa4231b09bf472cb937c24','数据字典','新增字典目录','/dict/dictType','2018-04-04 18:56:29','1','Mr.AG','127.0.0.1'),(209,'ac88ceb386aa4231b09bf472cb937c24','数据字典','新增字典值','/dict/dictValue','2018-04-04 18:57:26','1','Mr.AG','127.0.0.1'),(210,'ac88ceb386aa4231b09bf472cb937c24','数据字典','新增字典值','/dict/dictValue','2018-04-04 18:57:38','1','Mr.AG','127.0.0.1'),(211,'ac88ceb386aa4231b09bf472cb937c24','用户管理','新增','/admin/user','2018-04-04 19:43:50','1','Mr.AG','127.0.0.1'),(212,'ac88ceb386aa4231b09bf472cb937c24','部门管理','删除部门人员','/admin/depart/user','2018-04-04 19:44:52','1','Mr.AG','127.0.0.1'),(213,'ac88ceb386aa4231b09bf472cb937c24','菜单管理','新增','/admin/menu','2018-06-13 16:44:57','1','Mr.AG','192.168.1.133'),(214,'ac88ceb386aa4231b09bf472cb937c24','菜单管理','新增','/admin/menu','2018-06-13 16:47:00','1','Mr.AG','192.168.1.133'),(215,'ac88ceb386aa4231b09bf472cb937c24','菜单管理','新增','/admin/menu','2018-06-13 16:48:11','1','Mr.AG','192.168.1.133'),(216,'ac88ceb386aa4231b09bf472cb937c24','菜单管理','新增','/admin/menu','2018-06-13 16:48:58','1','Mr.AG','192.168.1.133'),(217,'ac88ceb386aa4231b09bf472cb937c24','菜单管理','新增','/admin/menu','2018-06-13 16:49:47','1','Mr.AG','192.168.1.133'),(218,'ac88ceb386aa4231b09bf472cb937c24','菜单管理','新增','/admin/menu','2018-06-13 16:50:31','1','Mr.AG','192.168.1.133'),(219,'ac88ceb386aa4231b09bf472cb937c24','菜单管理','新增','/admin/menu','2018-06-13 16:51:11','1','Mr.AG','192.168.1.133'),(220,'ac88ceb386aa4231b09bf472cb937c24','菜单管理','新增','/admin/menu','2018-06-13 16:51:51','1','Mr.AG','192.168.1.133'),(221,'ac88ceb386aa4231b09bf472cb937c24','菜单管理','编辑','/admin/menu/{*}','2018-06-13 16:54:16','1','Mr.AG','192.168.1.133'),(222,'ac88ceb386aa4231b09bf472cb937c24','菜单管理','编辑','/admin/menu/{*}','2018-06-13 16:54:31','1','Mr.AG','192.168.1.133'),(223,'','角色权限管理','分配菜单','/admin/group/{*}/authority/menu','2018-06-13 20:02:04','1','Mr.AG','192.168.1.133'),(224,'ac88ceb386aa4231b09bf472cb937c24','菜单管理','新增','/admin/menu','2018-06-14 09:49:58','1','Mr.AG','192.168.1.133'),(225,'ac88ceb386aa4231b09bf472cb937c24','菜单管理','新增','/admin/menu','2018-06-14 09:51:01','1','Mr.AG','192.168.1.133'),(226,'ac88ceb386aa4231b09bf472cb937c24','菜单管理','新增','/admin/menu','2018-06-14 09:51:44','1','Mr.AG','192.168.1.133'),(227,'ac88ceb386aa4231b09bf472cb937c24','菜单管理','编辑','/admin/menu/{*}','2018-06-14 09:52:04','1','Mr.AG','192.168.1.133'),(228,'ac88ceb386aa4231b09bf472cb937c24','菜单管理','新增','/admin/menu','2018-06-14 09:53:25','1','Mr.AG','192.168.1.133'),(229,'ac88ceb386aa4231b09bf472cb937c24','菜单管理','新增','/admin/menu','2018-06-14 09:54:00','1','Mr.AG','192.168.1.133'),(230,'ac88ceb386aa4231b09bf472cb937c24','角色权限管理','分配菜单','/admin/group/{*}/authority/menu','2018-06-14 14:21:48','1','Mr.AG','192.168.1.133'),(231,'ac88ceb386aa4231b09bf472cb937c24','菜单管理','编辑','/admin/menu/{*}','2018-06-14 15:29:58','1','Mr.AG','192.168.1.133'),(232,'ac88ceb386aa4231b09bf472cb937c24','网关路由管理','编辑路由','/auth/gatewayRoute/{*}','2018-06-14 17:26:08','1','Mr.AG','192.168.1.133'),(233,'ac88ceb386aa4231b09bf472cb937c24','网关路由管理','编辑路由','/auth/gatewayRoute/{*}','2018-06-14 17:39:08','1','Mr.AG','192.168.1.133'),(234,'ac88ceb386aa4231b09bf472cb937c24','网关路由管理','编辑路由','/auth/gatewayRoute/{*}','2018-06-14 17:47:23','1','Mr.AG','192.168.1.133'),(235,'ac88ceb386aa4231b09bf472cb937c24','部门管理','分配岗位人员','/admin/position/{*}/user','2018-06-14 19:03:42','1','Mr.AG','192.168.1.133'),(236,'ac88ceb386aa4231b09bf472cb937c24','角色权限管理','新增','/admin/group','2018-06-16 14:44:56','1','管理员','192.168.1.133'),(237,'ac88ceb386aa4231b09bf472cb937c24','角色权限管理','分配用户','/admin/group/{*}/user','2018-06-16 14:45:09','1','管理员','192.168.1.133'),(238,'ac88ceb386aa4231b09bf472cb937c24','菜单管理','编辑','/admin/menu/{*}','2018-06-16 15:03:39','1','管理员','192.168.1.133'),(239,'ac88ceb386aa4231b09bf472cb937c24','菜单管理','编辑','/admin/menu/{*}','2018-06-16 15:04:36','1','管理员','192.168.1.133'),(240,'ac88ceb386aa4231b09bf472cb937c24','菜单管理','编辑','/admin/menu/{*}','2018-06-16 15:05:10','1','管理员','192.168.1.133'),(241,'ac88ceb386aa4231b09bf472cb937c24','菜单管理','编辑','/admin/menu/{*}','2018-06-16 15:06:43','1','管理员','192.168.1.133'),(242,'ac88ceb386aa4231b09bf472cb937c24','菜单管理','编辑','/admin/menu/{*}','2018-06-16 15:12:54','1','管理员','192.168.1.133'),(243,'ac88ceb386aa4231b09bf472cb937c24','菜单管理','编辑','/admin/menu/{*}','2018-06-16 15:13:29','1','管理员','192.168.1.133'),(244,'ac88ceb386aa4231b09bf472cb937c24','菜单管理','编辑','/admin/menu/{*}','2018-06-16 15:14:30','1','管理员','192.168.1.133'),(245,'ac88ceb386aa4231b09bf472cb937c24','菜单管理','编辑','/admin/menu/{*}','2018-06-16 15:14:43','1','管理员','192.168.1.133'),(246,'ac88ceb386aa4231b09bf472cb937c24','菜单管理','编辑','/admin/menu/{*}','2018-06-16 15:15:00','1','管理员','192.168.1.133'),(247,'ac88ceb386aa4231b09bf472cb937c24','菜单管理','编辑','/admin/menu/{*}','2018-06-16 15:15:08','1','管理员','192.168.1.133'),(248,'ac88ceb386aa4231b09bf472cb937c24','菜单管理','编辑','/admin/menu/{*}','2018-06-16 15:15:17','1','管理员','192.168.1.133'),(249,'ac88ceb386aa4231b09bf472cb937c24','菜单管理','编辑','/admin/menu/{*}','2018-06-16 15:15:23','1','管理员','192.168.1.133'),(250,'ac88ceb386aa4231b09bf472cb937c24','菜单管理','编辑','/admin/menu/{*}','2018-06-16 15:15:29','1','管理员','192.168.1.133'),(251,'ac88ceb386aa4231b09bf472cb937c24','菜单管理','编辑','/admin/menu/{*}','2018-06-16 15:18:12','1','管理员','192.168.1.133'),(252,'ac88ceb386aa4231b09bf472cb937c24','菜单管理','新增','/admin/menu','2018-06-16 15:22:07','1','管理员','192.168.1.133'),(253,'ac88ceb386aa4231b09bf472cb937c24','菜单管理','编辑','/admin/menu/{*}','2018-06-16 15:22:19','1','管理员','192.168.1.133'),(254,'ac88ceb386aa4231b09bf472cb937c24','菜单管理','新增','/admin/menu','2018-06-16 15:23:04','1','管理员','192.168.1.133'),(255,'ac88ceb386aa4231b09bf472cb937c24','菜单管理','新增','/admin/menu','2018-06-16 15:24:09','1','管理员','192.168.1.133'),(256,'ac88ceb386aa4231b09bf472cb937c24','菜单管理','新增','/admin/menu','2018-06-16 15:24:58','1','管理员','192.168.1.133'),(257,'ac88ceb386aa4231b09bf472cb937c24','菜单管理','新增','/admin/menu','2018-06-16 15:25:56','1','管理员','192.168.1.133'),(258,'ac88ceb386aa4231b09bf472cb937c24','菜单管理','新增','/admin/menu','2018-06-16 15:26:45','1','管理员','192.168.1.133'),(259,'ac88ceb386aa4231b09bf472cb937c24','菜单管理','新增','/admin/menu','2018-06-16 15:27:59','1','管理员','192.168.1.133'),(260,'ac88ceb386aa4231b09bf472cb937c24','菜单管理','编辑','/admin/menu/{*}','2018-06-16 15:28:23','1','管理员','192.168.1.133'),(261,'ac88ceb386aa4231b09bf472cb937c24','菜单管理','编辑','/admin/menu/{*}','2018-06-16 15:28:31','1','管理员','192.168.1.133'),(262,'ac88ceb386aa4231b09bf472cb937c24','菜单管理','新增','/admin/menu','2018-06-16 15:30:57','1','管理员','192.168.1.133'),(263,'ac88ceb386aa4231b09bf472cb937c24','菜单管理','编辑','/admin/menu/{*}','2018-06-16 15:31:04','1','管理员','192.168.1.133'),(264,'ac88ceb386aa4231b09bf472cb937c24','菜单管理','新增','/admin/menu','2018-06-16 15:33:35','1','管理员','192.168.1.133'),(265,'ac88ceb386aa4231b09bf472cb937c24','菜单管理','新增','/admin/menu','2018-06-16 15:34:38','1','管理员','192.168.1.133'),(266,'ac88ceb386aa4231b09bf472cb937c24','菜单管理','新增','/admin/menu','2018-06-16 15:35:25','1','管理员','192.168.1.133'),(267,'ac88ceb386aa4231b09bf472cb937c24','菜单管理','新增','/admin/menu','2018-06-16 15:36:25','1','管理员','192.168.1.133'),(268,'ac88ceb386aa4231b09bf472cb937c24','菜单管理','编辑','/admin/menu/{*}','2018-06-16 15:37:21','1','管理员','192.168.1.133'),(269,'ac88ceb386aa4231b09bf472cb937c24','菜单管理','新增','/admin/menu','2018-06-16 15:38:50','1','管理员','192.168.1.133'),(270,'ac88ceb386aa4231b09bf472cb937c24','菜单管理','新增','/admin/menu','2018-06-16 15:41:59','1','管理员','192.168.1.133'),(271,'ac88ceb386aa4231b09bf472cb937c24','菜单管理','新增','/admin/menu','2018-06-16 15:43:31','1','管理员','192.168.1.133'),(272,'ac88ceb386aa4231b09bf472cb937c24','菜单管理','新增','/admin/menu','2018-06-16 15:44:38','1','管理员','192.168.1.133'),(273,'ac88ceb386aa4231b09bf472cb937c24','菜单管理','新增','/admin/menu','2018-06-16 15:45:26','1','管理员','192.168.1.133'),(274,'ac88ceb386aa4231b09bf472cb937c24','角色权限管理','分配菜单','/admin/group/{*}/authority/menu','2018-06-16 15:46:36','1','管理员','192.168.1.133'),(275,'ac88ceb386aa4231b09bf472cb937c24','菜单管理','编辑','/admin/menu/{*}','2018-06-16 15:47:04','1','管理员','192.168.1.133'),(276,'ac88ceb386aa4231b09bf472cb937c24','菜单管理','编辑','/admin/menu/{*}','2018-06-16 16:02:21','1','管理员','192.168.1.133'),(277,'ac88ceb386aa4231b09bf472cb937c24','菜单管理','编辑','/admin/menu/{*}','2018-06-16 16:03:05','1','管理员','192.168.1.133'),(278,'ac88ceb386aa4231b09bf472cb937c24','菜单管理','编辑','/admin/menu/{*}','2018-06-16 16:06:44','1','管理员','192.168.1.133'),(279,'ac88ceb386aa4231b09bf472cb937c24','菜单管理','编辑','/admin/menu/{*}','2018-06-16 16:07:34','1','管理员','192.168.1.133'),(280,'ac88ceb386aa4231b09bf472cb937c24','菜单管理','编辑','/admin/menu/{*}','2018-06-16 16:07:59','1','管理员','192.168.1.133'),(281,'ac88ceb386aa4231b09bf472cb937c24','菜单管理','编辑','/admin/menu/{*}','2018-06-16 16:09:06','1','管理员','192.168.1.133'),(282,'ac88ceb386aa4231b09bf472cb937c24','菜单管理','编辑','/admin/menu/{*}','2018-06-16 16:09:54','1','管理员','192.168.1.133'),(283,'ac88ceb386aa4231b09bf472cb937c24','菜单管理','新增','/admin/menu','2018-06-18 16:09:47','1','管理员','192.168.1.133'),(284,'ac88ceb386aa4231b09bf472cb937c24','菜单管理','新增','/admin/menu','2018-06-18 16:10:57','1','管理员','192.168.1.133'),(285,'ac88ceb386aa4231b09bf472cb937c24','角色权限管理','分配菜单','/admin/group/{*}/authority/menu','2018-06-18 16:11:21','1','管理员','192.168.1.133'),(286,'ac88ceb386aa4231b09bf472cb937c24','菜单管理','编辑','/admin/menu/{*}','2018-06-20 09:24:10','1','管理员','127.0.0.1'),(287,'ac88ceb386aa4231b09bf472cb937c24','菜单管理','新增','/admin/menu','2018-06-24 22:44:39','1','管理员','127.0.0.1'),(288,'ac88ceb386aa4231b09bf472cb937c24','菜单管理','新增','/admin/menu','2018-06-24 22:45:43','1','管理员','127.0.0.1'),(289,'ac88ceb386aa4231b09bf472cb937c24','菜单管理','新增','/admin/menu','2018-06-24 22:46:42','1','管理员','127.0.0.1'),(290,'ac88ceb386aa4231b09bf472cb937c24','角色权限管理','分配菜单','/admin/group/{*}/authority/menu','2018-06-24 22:52:12','1','管理员','127.0.0.1'),(291,'ac88ceb386aa4231b09bf472cb937c24','角色权限管理','分配菜单','/admin/group/{*}/authority/menu','2018-06-25 09:15:31','1','管理员','127.0.0.1'),(292,'ac88ceb386aa4231b09bf472cb937c24','角色权限管理','分配菜单','/admin/group/{*}/authority/menu','2018-06-25 19:44:09','1','管理员','127.0.0.1'),(293,'ac88ceb386aa4231b09bf472cb937c24','角色权限管理','分配菜单','/admin/group/{*}/authority/menu','2018-06-26 18:18:03','1','管理员','127.0.0.1'),(294,'ac88ceb386aa4231b09bf472cb937c24','菜单管理','编辑','/admin/menu/{*}','2018-06-26 18:19:40','1','管理员','127.0.0.1'),(295,'ac88ceb386aa4231b09bf472cb937c24','组织机构','新增部门值','/admin/depart','2018-07-03 21:48:16','1','管理员','127.0.0.1'),(296,'ac88ceb386aa4231b09bf472cb937c24','组织机构','新增部门值','/admin/depart','2018-07-03 21:48:30','1','管理员','127.0.0.1'),(297,'ac88ceb386aa4231b09bf472cb937c24','组织机构','新增部门值','/admin/depart','2018-07-03 21:48:33','1','管理员','127.0.0.1'),(298,'ac88ceb386aa4231b09bf472cb937c24','组织机构','删除部门值','/admin/depart/{*}','2018-07-03 21:48:36','1','管理员','127.0.0.1'),(299,'ac88ceb386aa4231b09bf472cb937c24','服务权限管理','编辑','/auth/service/{*}','2018-07-03 23:21:55','1','管理员','127.0.0.1'),(300,'ac88ceb386aa4231b09bf472cb937c24','服务权限管理','编辑','/auth/service/{*}','2018-07-03 23:25:04','1','管理员','127.0.0.1'),(301,'ac88ceb386aa4231b09bf472cb937c24','服务权限管理','新增','/auth/service','2018-07-03 23:25:52','1','管理员','127.0.0.1'),(302,'ac88ceb386aa4231b09bf472cb937c24','服务权限管理','编辑','/auth/service/{*}','2018-07-03 23:26:20','1','管理员','127.0.0.1'),(303,'ac88ceb386aa4231b09bf472cb937c24','数据字典','新增字典目录','/dict/dictType','2018-07-04 22:26:05','1','管理员','127.0.0.1'),(304,'ac88ceb386aa4231b09bf472cb937c24','数据字典','编辑字典值','/dict/dictValue/{*}','2018-07-04 22:56:58','1','管理员','127.0.0.1'),(305,'ac88ceb386aa4231b09bf472cb937c24','数据字典','编辑字典值','/dict/dictValue/{*}','2018-07-04 22:57:04','1','管理员','127.0.0.1'),(306,'ac88ceb386aa4231b09bf472cb937c24','菜单管理','新增','/admin/menu','2018-07-05 10:42:46','1','管理员','127.0.0.1'),(307,'ac88ceb386aa4231b09bf472cb937c24','菜单管理','编辑','/admin/menu/{*}','2018-07-05 10:43:03','1','管理员','127.0.0.1'),(308,'ac88ceb386aa4231b09bf472cb937c24','菜单管理','删除','/admin/menu/{*}','2018-07-05 10:43:23','1','管理员','127.0.0.1'),(309,'ac88ceb386aa4231b09bf472cb937c24','菜单管理','新增','/admin/menu','2018-07-05 11:50:25','1','管理员','127.0.0.1'),(310,'ac88ceb386aa4231b09bf472cb937c24','菜单管理','删除','/admin/menu/{*}','2018-07-05 12:06:08','1','管理员','127.0.0.1'),(311,'ac88ceb386aa4231b09bf472cb937c24','菜单管理','新增','/admin/menu','2018-07-05 12:57:59','1','管理员','127.0.0.1'),(312,'ac88ceb386aa4231b09bf472cb937c24','菜单管理','新增','/admin/menu','2018-07-05 13:05:21','1','管理员','127.0.0.1'),(313,'ac88ceb386aa4231b09bf472cb937c24','菜单管理','删除','/admin/menu/{*}','2018-07-05 13:07:41','1','管理员','127.0.0.1'),(314,'ac88ceb386aa4231b09bf472cb937c24','菜单管理','编辑','/admin/menu/{*}','2018-07-05 13:08:03','1','管理员','127.0.0.1'),(315,'ac88ceb386aa4231b09bf472cb937c24','菜单管理','编辑','/admin/menu/{*}','2018-07-05 13:11:36','1','管理员','127.0.0.1'),(316,'ac88ceb386aa4231b09bf472cb937c24','菜单管理','新增','/admin/menu','2018-07-05 13:14:52','1','管理员','127.0.0.1'),(317,'ac88ceb386aa4231b09bf472cb937c24','菜单管理','编辑','/admin/menu/{*}','2018-07-05 13:15:13','1','管理员','127.0.0.1'),(318,'ac88ceb386aa4231b09bf472cb937c24','菜单管理','编辑','/admin/menu/{*}','2018-07-05 13:15:23','1','管理员','127.0.0.1'),(319,'ac88ceb386aa4231b09bf472cb937c24','菜单管理','新增','/admin/menu','2018-07-05 13:16:09','1','管理员','127.0.0.1'),(320,'ac88ceb386aa4231b09bf472cb937c24','菜单管理','编辑','/admin/menu/{*}','2018-07-05 13:16:15','1','管理员','127.0.0.1'),(321,'ac88ceb386aa4231b09bf472cb937c24','菜单管理','新增','/admin/menu','2018-07-05 13:16:58','1','管理员','127.0.0.1'),(322,'ac88ceb386aa4231b09bf472cb937c24','菜单管理','编辑','/admin/menu/{*}','2018-07-05 13:17:11','1','管理员','127.0.0.1'),(323,'ac88ceb386aa4231b09bf472cb937c24','菜单管理','编辑','/admin/menu/{*}','2018-07-05 13:18:05','1','管理员','127.0.0.1'),(324,'ac88ceb386aa4231b09bf472cb937c24','菜单管理','新增','/admin/menu','2018-07-05 13:18:57','1','管理员','127.0.0.1'),(325,'ac88ceb386aa4231b09bf472cb937c24','菜单管理','删除','/admin/menu/{*}','2018-07-05 17:49:26','1','管理员','127.0.0.1'),(326,'ac88ceb386aa4231b09bf472cb937c24','菜单管理','新增','/admin/menu','2018-07-05 20:47:29','1','管理员','127.0.0.1'),(327,'ac88ceb386aa4231b09bf472cb937c24','菜单管理','新增','/admin/menu','2018-07-05 21:01:13','1','管理员','127.0.0.1'),(328,'ac88ceb386aa4231b09bf472cb937c24','菜单管理','新增','/admin/menu','2018-07-05 21:01:56','1','管理员','127.0.0.1'),(329,'ac88ceb386aa4231b09bf472cb937c24','菜单管理','新增','/admin/menu','2018-07-05 21:02:33','1','管理员','127.0.0.1'),(330,'ac88ceb386aa4231b09bf472cb937c24','菜单管理','编辑','/admin/menu/{*}','2018-07-05 21:32:39','1','管理员','127.0.0.1'),(331,'ac88ceb386aa4231b09bf472cb937c24','数据字典','删除字典目录','/dict/dictType/{*}','2018-07-05 21:32:53','1','管理员','127.0.0.1'),(332,'ac88ceb386aa4231b09bf472cb937c24','数据字典','新增字典目录','/dict/dictType','2018-07-05 21:33:04','1','管理员','127.0.0.1'),(333,'ac88ceb386aa4231b09bf472cb937c24','数据字典','新增字典目录','/dict/dictType','2018-07-05 21:33:05','1','管理员','127.0.0.1'),(334,'ac88ceb386aa4231b09bf472cb937c24','数据字典','新增字典目录','/dict/dictType','2018-07-05 21:33:05','1','管理员','127.0.0.1'),(335,'ac88ceb386aa4231b09bf472cb937c24','数据字典','新增字典目录','/dict/dictType','2018-07-05 21:33:07','1','管理员','127.0.0.1'),(336,'ac88ceb386aa4231b09bf472cb937c24','菜单管理','删除','/admin/menu/{*}','2018-07-05 21:33:53','1','管理员','127.0.0.1'),(337,'ac88ceb386aa4231b09bf472cb937c24','菜单管理','删除','/admin/menu/{*}','2018-07-05 21:34:11','1','管理员','127.0.0.1'),(338,'ac88ceb386aa4231b09bf472cb937c24','菜单管理','删除','/admin/menu/{*}','2018-07-05 21:34:26','1','管理员','127.0.0.1'),(339,'ac88ceb386aa4231b09bf472cb937c24','菜单管理','删除','/admin/menu/{*}','2018-07-05 21:34:36','1','管理员','127.0.0.1'),(340,'ac88ceb386aa4231b09bf472cb937c24','菜单管理','删除','/admin/menu/{*}','2018-07-05 21:34:48','1','管理员','127.0.0.1'),(341,'ac88ceb386aa4231b09bf472cb937c24','数据字典','编辑字典目录','/dict/dictType/{*}','2018-07-05 21:34:53','1','管理员','127.0.0.1'),(342,'ac88ceb386aa4231b09bf472cb937c24','数据字典','新增字典目录','/dict/dictType','2018-07-05 21:36:11','1','管理员','127.0.0.1'),(343,'ac88ceb386aa4231b09bf472cb937c24','数据字典','新增字典目录','/dict/dictType','2018-07-05 21:37:40','1','管理员','127.0.0.1'),(344,'ac88ceb386aa4231b09bf472cb937c24','数据字典','新增字典目录','/dict/dictType','2018-07-05 21:37:48','1','管理员','127.0.0.1'),(345,'ac88ceb386aa4231b09bf472cb937c24','数据字典','编辑字典目录','/dict/dictType/{*}','2018-07-05 21:39:02','1','管理员','127.0.0.1'),(346,'ac88ceb386aa4231b09bf472cb937c24','数据字典','删除字典目录','/dict/dictType/{*}','2018-07-05 21:39:08','1','管理员','127.0.0.1'),(347,'ac88ceb386aa4231b09bf472cb937c24','数据字典','编辑字典目录','/dict/dictType/{*}','2018-07-05 21:39:38','1','管理员','127.0.0.1'),(348,'ac88ceb386aa4231b09bf472cb937c24','数据字典','新增字典目录','/dict/dictType','2018-07-05 21:39:42','1','管理员','127.0.0.1'),(349,'ac88ceb386aa4231b09bf472cb937c24','数据字典','编辑字典目录','/dict/dictType/{*}','2018-07-05 21:40:31','1','管理员','127.0.0.1'),(350,'ac88ceb386aa4231b09bf472cb937c24','数据字典','编辑字典目录','/dict/dictType/{*}','2018-07-05 21:41:58','1','管理员','127.0.0.1'),(351,'ac88ceb386aa4231b09bf472cb937c24','数据字典','新增字典目录','/dict/dictType','2018-07-05 21:42:18','1','管理员','127.0.0.1'),(352,'ac88ceb386aa4231b09bf472cb937c24','数据字典','编辑字典目录','/dict/dictType/{*}','2018-07-05 21:43:00','1','管理员','127.0.0.1'),(353,'ac88ceb386aa4231b09bf472cb937c24','数据字典','新增字典目录','/dict/dictType','2018-07-05 21:43:06','1','管理员','127.0.0.1'),(354,'ac88ceb386aa4231b09bf472cb937c24','数据字典','编辑字典目录','/dict/dictType/{*}','2018-07-05 21:43:40','1','管理员','127.0.0.1'),(355,'ac88ceb386aa4231b09bf472cb937c24','数据字典','新增字典值','/dict/dictValue','2018-07-05 21:44:43','1','管理员','127.0.0.1'),(356,'ac88ceb386aa4231b09bf472cb937c24','数据字典','新增字典值','/dict/dictValue','2018-07-05 21:45:05','1','管理员','127.0.0.1'),(357,'ac88ceb386aa4231b09bf472cb937c24','数据字典','编辑字典值','/dict/dictValue/{*}','2018-07-05 21:45:43','1','管理员','127.0.0.1'),(358,'ac88ceb386aa4231b09bf472cb937c24','数据字典','编辑字典值','/dict/dictValue/{*}','2018-07-05 21:45:56','1','管理员','127.0.0.1'),(359,'ac88ceb386aa4231b09bf472cb937c24','数据字典','新增字典值','/dict/dictValue','2018-07-05 21:46:47','1','管理员','127.0.0.1'),(360,'ac88ceb386aa4231b09bf472cb937c24','数据字典','新增字典值','/dict/dictValue','2018-07-05 21:48:38','1','管理员','127.0.0.1'),(361,'ac88ceb386aa4231b09bf472cb937c24','数据字典','编辑字典值','/dict/dictValue/{*}','2018-07-05 21:48:45','1','管理员','127.0.0.1'),(362,'ac88ceb386aa4231b09bf472cb937c24','数据字典','新增字典值','/dict/dictValue','2018-07-05 21:49:43','1','管理员','127.0.0.1'),(363,'ac88ceb386aa4231b09bf472cb937c24','数据字典','新增字典值','/dict/dictValue','2018-07-05 21:49:59','1','管理员','127.0.0.1'),(364,'ac88ceb386aa4231b09bf472cb937c24','数据字典','新增字典值','/dict/dictValue','2018-07-05 21:50:21','1','管理员','127.0.0.1'),(365,'ac88ceb386aa4231b09bf472cb937c24','数据字典','新增字典值','/dict/dictValue','2018-07-05 21:50:53','1','管理员','127.0.0.1'),(366,'ac88ceb386aa4231b09bf472cb937c24','数据字典','新增字典值','/dict/dictValue','2018-07-05 21:51:07','1','管理员','127.0.0.1'),(367,'ac88ceb386aa4231b09bf472cb937c24','数据字典','新增字典值','/dict/dictValue','2018-07-05 21:51:40','1','管理员','127.0.0.1'),(368,'ac88ceb386aa4231b09bf472cb937c24','菜单管理','编辑','/admin/menu/{*}','2018-07-05 21:58:47','1','管理员','127.0.0.1'),(369,'ac88ceb386aa4231b09bf472cb937c24','菜单管理','新增','/admin/menu','2018-07-05 22:00:41','1','管理员','127.0.0.1'),(370,'ac88ceb386aa4231b09bf472cb937c24','菜单管理','新增','/admin/menu','2018-07-05 22:01:38','1','管理员','127.0.0.1'),(371,'ac88ceb386aa4231b09bf472cb937c24','菜单管理','编辑','/admin/menu/{*}','2018-07-05 22:01:47','1','管理员','127.0.0.1'),(372,'ac88ceb386aa4231b09bf472cb937c24','菜单管理','新增','/admin/menu','2018-07-05 22:04:06','1','管理员','127.0.0.1'),(373,'ac88ceb386aa4231b09bf472cb937c24','菜单管理','新增','/admin/menu','2018-07-05 22:04:18','1','管理员','127.0.0.1'),(374,'ac88ceb386aa4231b09bf472cb937c24','菜单管理','删除','/admin/menu/{*}','2018-07-05 22:04:42','1','管理员','127.0.0.1'),(375,'ac88ceb386aa4231b09bf472cb937c24','菜单管理','删除','/admin/menu/{*}','2018-07-05 22:04:54','1','管理员','127.0.0.1'),(376,'ac88ceb386aa4231b09bf472cb937c24','菜单管理','新增','/admin/menu','2018-07-05 22:05:22','1','管理员','127.0.0.1'),(377,'ac88ceb386aa4231b09bf472cb937c24','菜单管理','新增','/admin/menu','2018-07-05 22:05:49','1','管理员','127.0.0.1'),(378,'ac88ceb386aa4231b09bf472cb937c24','菜单管理','新增','/admin/menu','2018-07-05 22:06:27','1','管理员','127.0.0.1'),(379,'ac88ceb386aa4231b09bf472cb937c24','菜单管理','编辑','/admin/menu/{*}','2018-07-05 22:06:40','1','管理员','127.0.0.1'),(380,'ac88ceb386aa4231b09bf472cb937c24','菜单管理','编辑','/admin/menu/{*}','2018-07-05 22:07:30','1','管理员','127.0.0.1'),(381,'ac88ceb386aa4231b09bf472cb937c24','菜单管理','新增','/admin/menu','2018-07-05 22:08:42','1','管理员','127.0.0.1'),(382,'ac88ceb386aa4231b09bf472cb937c24','菜单管理','编辑','/admin/menu/{*}','2018-07-05 22:09:00','1','管理员','127.0.0.1'),(383,'ac88ceb386aa4231b09bf472cb937c24','菜单管理','编辑','/admin/menu/{*}','2018-07-05 22:09:05','1','管理员','127.0.0.1'),(384,'ac88ceb386aa4231b09bf472cb937c24','菜单管理','新增','/admin/menu','2018-07-05 22:09:33','1','管理员','127.0.0.1'),(385,'ac88ceb386aa4231b09bf472cb937c24','菜单管理','新增','/admin/menu','2018-07-05 22:09:57','1','管理员','127.0.0.1'),(386,'ac88ceb386aa4231b09bf472cb937c24','菜单管理','新增','/admin/menu','2018-07-05 22:58:13','1','管理员','127.0.0.1'),(387,'ac88ceb386aa4231b09bf472cb937c24','菜单管理','编辑','/admin/menu/{*}','2018-07-05 23:02:57','1','管理员','127.0.0.1'),(388,'ac88ceb386aa4231b09bf472cb937c24','菜单管理','编辑','/admin/menu/{*}','2018-07-05 23:03:29','1','管理员','127.0.0.1'),(389,'ac88ceb386aa4231b09bf472cb937c24','菜单管理','编辑','/admin/menu/{*}','2018-07-05 23:04:34','1','管理员','127.0.0.1'),(390,'ac88ceb386aa4231b09bf472cb937c24','菜单管理','编辑','/admin/menu/{*}','2018-07-05 23:05:32','1','管理员','127.0.0.1'),(391,'ac88ceb386aa4231b09bf472cb937c24','菜单管理','编辑','/admin/menu/{*}','2018-07-05 23:06:29','1','管理员','127.0.0.1'),(392,'ac88ceb386aa4231b09bf472cb937c24','菜单管理','新增','/admin/menu','2018-07-05 23:07:18','1','管理员','127.0.0.1'),(393,'ac88ceb386aa4231b09bf472cb937c24','菜单管理','新增','/admin/menu','2018-07-05 23:07:39','1','管理员','127.0.0.1'),(394,'ac88ceb386aa4231b09bf472cb937c24','菜单管理','编辑','/admin/menu/{*}','2018-07-05 23:09:57','1','管理员','127.0.0.1'),(395,'ac88ceb386aa4231b09bf472cb937c24','角色权限管理','分配菜单','/admin/group/{*}/authority/menu','2018-07-05 23:15:58','1','管理员','127.0.0.1'),(396,'ac88ceb386aa4231b09bf472cb937c24','菜单管理','编辑','/admin/menu/{*}','2018-07-05 23:16:38','1','管理员','127.0.0.1'),(397,'ac88ceb386aa4231b09bf472cb937c24','菜单管理','删除','/admin/menu/{*}','2018-07-06 20:52:43','1','管理员','127.0.0.1'),(398,'ac88ceb386aa4231b09bf472cb937c24','菜单管理','删除','/admin/menu/{*}','2018-07-06 20:53:01','1','管理员','127.0.0.1'),(399,'ac88ceb386aa4231b09bf472cb937c24','菜单管理','编辑','/admin/menu/{*}','2018-07-08 14:20:35','1','管理员','127.0.0.1'),(400,'ac88ceb386aa4231b09bf472cb937c24','菜单管理','编辑','/admin/menu/{*}','2018-07-08 14:20:56','1','管理员','127.0.0.1'),(401,'ac88ceb386aa4231b09bf472cb937c24','菜单管理','编辑','/admin/menu/{*}','2018-07-08 14:21:05','1','管理员','127.0.0.1'),(402,'ac88ceb386aa4231b09bf472cb937c24','菜单管理','编辑','/admin/menu/{*}','2018-07-08 14:26:19','1','管理员','127.0.0.1'),(403,'ac88ceb386aa4231b09bf472cb937c24','用户管理','新增','/admin/user','2018-07-08 14:42:59','1','管理员','127.0.0.1'),(404,'ac88ceb386aa4231b09bf472cb937c24','组织机构','新增部门人员','/admin/depart/user','2018-07-08 14:44:14','1','管理员','127.0.0.1'),(405,'ac88ceb386aa4231b09bf472cb937c24','用户管理','新增','/admin/user','2018-07-08 16:16:19','1','管理员','127.0.0.1'),(406,'ac88ceb386aa4231b09bf472cb937c24','用户管理','编辑','/admin/user/{*}','2018-07-08 16:17:27','1','管理员','127.0.0.1'),(407,'ac88ceb386aa4231b09bf472cb937c24','菜单管理','编辑','/admin/menu/{*}','2018-07-08 19:28:20','1','管理员','127.0.0.1'),(408,'ac88ceb386aa4231b09bf472cb937c24','菜单管理','新增','/admin/menu','2018-07-08 19:32:04','1','管理员','127.0.0.1'),(409,'ac88ceb386aa4231b09bf472cb937c24','菜单管理','新增','/admin/menu','2018-07-08 19:32:22','1','管理员','127.0.0.1'),(410,'ac88ceb386aa4231b09bf472cb937c24','菜单管理','新增','/admin/menu','2018-07-08 19:40:15','1','管理员','127.0.0.1'),(411,'ac88ceb386aa4231b09bf472cb937c24','菜单管理','新增','/admin/menu','2018-07-08 19:40:30','1','管理员','127.0.0.1'),(412,'ac88ceb386aa4231b09bf472cb937c24','菜单管理','新增','/admin/menu','2018-07-08 19:40:44','1','管理员','127.0.0.1'),(413,'ac88ceb386aa4231b09bf472cb937c24','菜单管理','新增','/admin/menu','2018-07-08 19:40:58','1','管理员','127.0.0.1'),(414,'ac88ceb386aa4231b09bf472cb937c24','菜单管理','新增','/admin/menu','2018-07-08 19:41:11','1','管理员','127.0.0.1'),(415,'ac88ceb386aa4231b09bf472cb937c24','菜单管理','新增','/admin/menu','2018-07-08 19:41:25','1','管理员','127.0.0.1'),(416,'ac88ceb386aa4231b09bf472cb937c24','菜单管理','编辑','/admin/menu/{*}','2018-07-11 11:00:15','1','管理员','127.0.0.1'),(417,'ac88ceb386aa4231b09bf472cb937c24','菜单管理','新增','/admin/menu','2018-07-11 11:00:35','1','管理员','127.0.0.1'),(418,'ac88ceb386aa4231b09bf472cb937c24','菜单管理','删除','/admin/menu/{*}','2018-07-11 11:01:07','1','管理员','127.0.0.1'),(419,'ac88ceb386aa4231b09bf472cb937c24','租户管理','新增租户','/admin/tenant','2018-07-11 11:06:28','1','管理员','127.0.0.1'),(420,'ac88ceb386aa4231b09bf472cb937c24','租户管理','新增租户','/admin/tenant','2018-07-11 11:06:46','1','管理员','127.0.0.1'),(421,'ac88ceb386aa4231b09bf472cb937c24','组织机构','编辑部门值','/admin/depart/{*}','2018-07-11 11:13:53','1','管理员','127.0.0.1'),(422,'ac88ceb386aa4231b09bf472cb937c24','组织机构','编辑部门值','/admin/depart/{*}','2018-07-11 11:14:07','1','管理员','127.0.0.1'),(423,'ac88ceb386aa4231b09bf472cb937c24','用户管理','新增','/admin/user','2018-07-11 11:17:16','1','管理员','127.0.0.1'),(424,'ac88ceb386aa4231b09bf472cb937c24','用户管理','编辑','/admin/user/{*}','2018-07-11 11:17:43','1','管理员','127.0.0.1'),(425,'ac88ceb386aa4231b09bf472cb937c24','角色权限管理','新增','/admin/group','2018-07-11 11:21:07','1','管理员','127.0.0.1'),(426,'ac88ceb386aa4231b09bf472cb937c24','角色权限管理','删除','/admin/group/{*}','2018-07-11 11:21:25','1','管理员','127.0.0.1'),(427,'ac88ceb386aa4231b09bf472cb937c24','角色权限管理','新增','/admin/group','2018-07-11 11:21:53','1','管理员','127.0.0.1'),(428,'ac88ceb386aa4231b09bf472cb937c24','角色权限管理','新增','/admin/group','2018-07-11 11:22:08','1','管理员','127.0.0.1'),(429,'ac88ceb386aa4231b09bf472cb937c24','角色权限管理','新增','/admin/group','2018-07-11 11:23:15','1','管理员','127.0.0.1'),(430,'ac88ceb386aa4231b09bf472cb937c24','角色权限管理','新增','/admin/group','2018-07-11 11:23:51','1','管理员','127.0.0.1'),(431,'ac88ceb386aa4231b09bf472cb937c24','角色权限管理','新增','/admin/group','2018-07-11 11:24:42','1','管理员','127.0.0.1'),(432,'ac88ceb386aa4231b09bf472cb937c24','角色权限管理','删除','/admin/group/{*}','2018-07-11 11:24:58','1','管理员','127.0.0.1'),(433,'ac88ceb386aa4231b09bf472cb937c24','角色权限管理','编辑','/admin/group/{*}','2018-07-11 11:26:09','1','管理员','127.0.0.1'),(434,'ac88ceb386aa4231b09bf472cb937c24','角色权限管理','分配用户','/admin/group/{*}/user','2018-07-11 11:27:39','1','管理员','127.0.0.1'),(435,'ac88ceb386aa4231b09bf472cb937c24','角色权限管理','分配用户','/admin/group/{*}/user','2018-07-11 11:27:50','1','管理员','127.0.0.1'),(436,'ac88ceb386aa4231b09bf472cb937c24','角色权限管理','分配菜单','/admin/group/{*}/authority/menu','2018-07-11 11:29:30','1','管理员','127.0.0.1'),(437,'ac88ceb386aa4231b09bf472cb937c24','角色权限管理','分配菜单','/admin/group/{*}/authority/menu','2018-07-11 11:29:56','1','管理员','127.0.0.1'),(438,'ac88ceb386aa4231b09bf472cb937c24','角色权限管理','菜单下发','/admin/group/{*}/authorize/menu','2018-07-11 11:30:22','1','管理员','127.0.0.1'),(439,'ac88ceb386aa4231b09bf472cb937c24','角色权限管理','菜单下发','/admin/group/{*}/authorize/menu','2018-07-11 11:30:42','1','管理员','127.0.0.1'),(440,'ac88ceb386aa4231b09bf472cb937c24','角色权限管理','分配菜单','/admin/group/{*}/authority/menu','2018-07-11 11:32:17','1','管理员','127.0.0.1'),(441,'ac88ceb386aa4231b09bf472cb937c24','角色权限管理','分配菜单','/admin/group/{*}/authority/menu','2018-07-11 11:32:31','1','管理员','127.0.0.1'),(442,'ac88ceb386aa4231b09bf472cb937c24','角色权限管理','分配菜单','/admin/group/{*}/authority/menu','2018-07-11 11:36:42','1','管理员','127.0.0.1'),(443,'ac88ceb386aa4231b09bf472cb937c24','角色权限管理','分配菜单','/admin/group/{*}/authority/menu','2018-07-11 11:37:25','1','管理员','127.0.0.1'),(444,'9da5649b2cbb477ab680bd347059bac7','菜单管理','新增','/admin/menu','2018-07-11 12:08:43','2147a930090546c1ad9d4ef98330e97c','licheng','127.0.0.1'),(445,'9da5649b2cbb477ab680bd347059bac7','菜单管理','编辑','/admin/menu/{*}','2018-07-11 12:09:05','2147a930090546c1ad9d4ef98330e97c','licheng','127.0.0.1'),(446,'9da5649b2cbb477ab680bd347059bac7','菜单管理','编辑','/admin/menu/{*}','2018-07-11 12:09:09','2147a930090546c1ad9d4ef98330e97c','licheng','127.0.0.1'),(447,'9da5649b2cbb477ab680bd347059bac7','菜单管理','新增','/admin/menu','2018-07-11 12:10:24','2147a930090546c1ad9d4ef98330e97c','licheng','127.0.0.1'),(448,'9da5649b2cbb477ab680bd347059bac7','菜单管理','编辑','/admin/menu/{*}','2018-07-11 12:13:05','2147a930090546c1ad9d4ef98330e97c','licheng','127.0.0.1'),(449,'9da5649b2cbb477ab680bd347059bac7','菜单管理','编辑','/admin/menu/{*}','2018-07-11 12:13:13','2147a930090546c1ad9d4ef98330e97c','licheng','127.0.0.1'),(450,'ac88ceb386aa4231b09bf472cb937c24','角色权限管理','分配菜单','/admin/group/{*}/authority/menu','2018-07-11 12:16:32','1','管理员','127.0.0.1'),(451,'ac88ceb386aa4231b09bf472cb937c24','菜单管理','编辑','/admin/menu/{*}','2018-07-11 12:30:18','1','管理员','127.0.0.1'),(452,'ac88ceb386aa4231b09bf472cb937c24','菜单管理','编辑','/admin/menu/{*}','2018-07-11 12:36:10','1','管理员','127.0.0.1'),(453,'ac88ceb386aa4231b09bf472cb937c24','菜单管理','新增','/admin/menu','2018-07-11 12:37:08','1','管理员','127.0.0.1'),(454,'ac88ceb386aa4231b09bf472cb937c24','菜单管理','编辑','/admin/menu/{*}','2018-07-11 12:37:33','1','管理员','127.0.0.1'),(455,'ac88ceb386aa4231b09bf472cb937c24','菜单管理','删除','/admin/menu/{*}','2018-07-11 12:44:26','1','管理员','127.0.0.1'),(456,'ac88ceb386aa4231b09bf472cb937c24','菜单管理','新增','/admin/menu','2018-07-11 14:12:29','1','管理员','127.0.0.1'),(457,'ac88ceb386aa4231b09bf472cb937c24','菜单管理','编辑','/admin/menu/{*}','2018-07-11 14:12:45','1','管理员','127.0.0.1'),(458,'ac88ceb386aa4231b09bf472cb937c24','菜单管理','编辑','/admin/menu/{*}','2018-07-11 14:12:50','1','管理员','127.0.0.1'),(459,'ac88ceb386aa4231b09bf472cb937c24','菜单管理','编辑','/admin/menu/{*}','2018-07-11 14:12:58','1','管理员','127.0.0.1'),(460,'ac88ceb386aa4231b09bf472cb937c24','菜单管理','编辑','/admin/menu/{*}','2018-07-11 15:16:27','1','管理员','127.0.0.1'),(461,'ac88ceb386aa4231b09bf472cb937c24','数据字典','新增字典目录','/dict/dictType','2018-07-11 23:42:00','1','管理员','127.0.0.1'),(462,'ac88ceb386aa4231b09bf472cb937c24','数据字典','编辑字典目录','/dict/dictType/{*}','2018-07-11 23:43:53','1','管理员','127.0.0.1'),(463,'ac88ceb386aa4231b09bf472cb937c24','数据字典','新增字典值','/dict/dictValue','2018-07-11 23:48:35','1','管理员','127.0.0.1'),(464,'ac88ceb386aa4231b09bf472cb937c24','数据字典','新增字典值','/dict/dictValue','2018-07-11 23:48:53','1','管理员','127.0.0.1'),(465,'ac88ceb386aa4231b09bf472cb937c24','数据字典','新增字典值','/dict/dictValue','2018-07-11 23:49:09','1','管理员','127.0.0.1'),(466,'ac88ceb386aa4231b09bf472cb937c24','数据字典','新增字典值','/dict/dictValue','2018-07-11 23:49:30','1','管理员','127.0.0.1'),(467,'ac88ceb386aa4231b09bf472cb937c24','数据字典','新增字典值','/dict/dictValue','2018-07-11 23:49:53','1','管理员','127.0.0.1'),(468,'ac88ceb386aa4231b09bf472cb937c24','数据字典','新增字典值','/dict/dictValue','2018-07-11 23:50:18','1','管理员','127.0.0.1'),(469,'ac88ceb386aa4231b09bf472cb937c24','数据字典','新增字典值','/dict/dictValue','2018-07-11 23:50:44','1','管理员','127.0.0.1'),(470,'ac88ceb386aa4231b09bf472cb937c24','数据字典','新增字典值','/dict/dictValue','2018-07-11 23:51:15','1','管理员','127.0.0.1'),(471,'ac88ceb386aa4231b09bf472cb937c24','数据字典','新增字典值','/dict/dictValue','2018-07-11 23:51:32','1','管理员','127.0.0.1'),(472,'ac88ceb386aa4231b09bf472cb937c24','数据字典','新增字典值','/dict/dictValue','2018-07-11 23:51:51','1','管理员','127.0.0.1'),(473,'ac88ceb386aa4231b09bf472cb937c24','数据字典','新增字典值','/dict/dictValue','2018-07-11 23:52:14','1','管理员','127.0.0.1'),(474,'ac88ceb386aa4231b09bf472cb937c24','数据字典','新增字典值','/dict/dictValue','2018-07-11 23:53:01','1','管理员','127.0.0.1'),(475,'ac88ceb386aa4231b09bf472cb937c24','数据字典','新增字典值','/dict/dictValue','2018-07-11 23:53:24','1','管理员','127.0.0.1'),(476,'ac88ceb386aa4231b09bf472cb937c24','菜单管理','编辑','/admin/menu/{*}','2018-07-11 23:53:35','1','管理员','127.0.0.1'),(477,'ac88ceb386aa4231b09bf472cb937c24','菜单管理','编辑','/admin/menu/{*}','2018-07-11 23:53:39','1','管理员','127.0.0.1'),(478,'ac88ceb386aa4231b09bf472cb937c24','数据字典','新增字典值','/dict/dictValue','2018-07-11 23:53:50','1','管理员','127.0.0.1'),(479,'ac88ceb386aa4231b09bf472cb937c24','菜单管理','编辑','/admin/menu/{*}','2018-07-11 23:53:50','1','管理员','127.0.0.1'),(480,'ac88ceb386aa4231b09bf472cb937c24','菜单管理','编辑','/admin/menu/{*}','2018-07-11 23:53:55','1','管理员','127.0.0.1'),(481,'ac88ceb386aa4231b09bf472cb937c24','菜单管理','编辑','/admin/menu/{*}','2018-07-11 23:53:58','1','管理员','127.0.0.1'),(482,'ac88ceb386aa4231b09bf472cb937c24','菜单管理','编辑','/admin/menu/{*}','2018-07-11 23:54:05','1','管理员','127.0.0.1'),(483,'ac88ceb386aa4231b09bf472cb937c24','菜单管理','编辑','/admin/menu/{*}','2018-07-11 23:54:13','1','管理员','127.0.0.1'),(484,'ac88ceb386aa4231b09bf472cb937c24','数据字典','新增字典值','/dict/dictValue','2018-07-11 23:54:15','1','管理员','127.0.0.1'),(485,'ac88ceb386aa4231b09bf472cb937c24','菜单管理','编辑','/admin/menu/{*}','2018-07-11 23:54:16','1','管理员','127.0.0.1'),(486,'ac88ceb386aa4231b09bf472cb937c24','菜单管理','编辑','/admin/menu/{*}','2018-07-11 23:54:19','1','管理员','127.0.0.1'),(487,'ac88ceb386aa4231b09bf472cb937c24','菜单管理','编辑','/admin/menu/{*}','2018-07-11 23:54:22','1','管理员','127.0.0.1'),(488,'ac88ceb386aa4231b09bf472cb937c24','菜单管理','编辑','/admin/menu/{*}','2018-07-11 23:54:25','1','管理员','127.0.0.1'),(489,'ac88ceb386aa4231b09bf472cb937c24','菜单管理','编辑','/admin/menu/{*}','2018-07-11 23:54:29','1','管理员','127.0.0.1'),(490,'ac88ceb386aa4231b09bf472cb937c24','角色权限管理','分配菜单','/admin/group/{*}/authority/menu','2018-07-12 00:51:55','1','管理员','127.0.0.1'),(491,'ac88ceb386aa4231b09bf472cb937c24','角色权限管理','分配菜单','/admin/group/{*}/authority/menu','2018-07-15 18:28:46','1','管理员','127.0.0.1'),(492,'ac88ceb386aa4231b09bf472cb937c24','角色权限管理','菜单下发','/admin/group/{*}/authorize/menu','2018-07-15 18:29:00','1','管理员','127.0.0.1'),(493,'ac88ceb386aa4231b09bf472cb937c24','角色权限管理','分配菜单','/admin/group/{*}/authority/menu','2018-07-15 20:37:17','1','管理员','127.0.0.1'),(494,'ac88ceb386aa4231b09bf472cb937c24','组织机构','新增部门值','/admin/depart','2018-07-15 20:48:42','1','管理员','127.0.0.1'),(495,'ac88ceb386aa4231b09bf472cb937c24','角色权限管理','分配菜单','/admin/group/{*}/authority/menu','2018-07-15 20:51:29','1','管理员','127.0.0.1'),(496,'9da5649b2cbb477ab680bd347059bac7','组织机构','新增部门值','/admin/depart','2018-07-15 20:51:53','2147a930090546c1ad9d4ef98330e97c','licheng','127.0.0.1'),(497,'9da5649b2cbb477ab680bd347059bac7','组织机构','编辑部门值','/admin/depart/{*}','2018-07-15 20:52:35','2147a930090546c1ad9d4ef98330e97c','licheng','127.0.0.1'),(498,'9da5649b2cbb477ab680bd347059bac7','组织机构','新增部门值','/admin/depart','2018-07-15 20:52:39','2147a930090546c1ad9d4ef98330e97c','licheng','127.0.0.1'),(499,'9da5649b2cbb477ab680bd347059bac7','组织机构','删除部门值','/admin/depart/{*}','2018-07-15 20:52:44','2147a930090546c1ad9d4ef98330e97c','licheng','127.0.0.1'),(500,'ac88ceb386aa4231b09bf472cb937c24','数据字典','新增字典目录','/dict/dictType','2018-07-15 21:06:17','1','管理员','127.0.0.1'),(501,'ac88ceb386aa4231b09bf472cb937c24','数据字典','新增字典目录','/dict/dictType','2018-07-15 21:06:21','1','管理员','127.0.0.1'),(502,'ac88ceb386aa4231b09bf472cb937c24','数据字典','删除字典目录','/dict/dictType/{*}','2018-07-15 21:06:23','1','管理员','127.0.0.1'),(503,'ac88ceb386aa4231b09bf472cb937c24','数据字典','编辑字典目录','/dict/dictType/{*}','2018-07-15 21:07:15','1','管理员','127.0.0.1'),(504,'ac88ceb386aa4231b09bf472cb937c24','数据字典','新增字典值','/dict/dictValue','2018-07-15 21:08:49','1','管理员','127.0.0.1'),(505,'ac88ceb386aa4231b09bf472cb937c24','数据字典','新增字典值','/dict/dictValue','2018-07-15 21:09:55','1','管理员','127.0.0.1'),(506,'ac88ceb386aa4231b09bf472cb937c24','菜单管理','新增','/admin/menu','2018-07-16 11:02:11','1','管理员','127.0.0.1'),(507,'ac88ceb386aa4231b09bf472cb937c24','菜单管理','编辑','/admin/menu/{*}','2018-07-16 11:02:41','1','管理员','127.0.0.1'),(508,'ac88ceb386aa4231b09bf472cb937c24','菜单管理','编辑','/admin/menu/{*}','2018-07-16 11:02:51','1','管理员','127.0.0.1'),(509,'ac88ceb386aa4231b09bf472cb937c24','菜单管理','编辑','/admin/menu/{*}','2018-07-16 11:03:03','1','管理员','127.0.0.1'),(510,'ac88ceb386aa4231b09bf472cb937c24','菜单管理','编辑','/admin/menu/{*}','2018-07-16 11:03:14','1','管理员','127.0.0.1'),(511,'ac88ceb386aa4231b09bf472cb937c24','菜单管理','编辑','/admin/menu/{*}','2018-07-16 11:03:35','1','管理员','127.0.0.1'),(512,'ac88ceb386aa4231b09bf472cb937c24','菜单管理','编辑','/admin/menu/{*}','2018-07-16 11:03:43','1','管理员','127.0.0.1'),(513,'ac88ceb386aa4231b09bf472cb937c24','菜单管理','新增','/admin/menu','2018-07-16 11:04:31','1','管理员','127.0.0.1'),(514,'ac88ceb386aa4231b09bf472cb937c24','菜单管理','编辑','/admin/menu/{*}','2018-07-16 11:04:40','1','管理员','127.0.0.1'),(515,'ac88ceb386aa4231b09bf472cb937c24','菜单管理','编辑','/admin/menu/{*}','2018-07-16 11:04:43','1','管理员','127.0.0.1'),(516,'ac88ceb386aa4231b09bf472cb937c24','菜单管理','编辑','/admin/menu/{*}','2018-07-16 11:04:46','1','管理员','127.0.0.1'),(517,'ac88ceb386aa4231b09bf472cb937c24','菜单管理','编辑','/admin/menu/{*}','2018-07-16 11:04:50','1','管理员','127.0.0.1'),(518,'ac88ceb386aa4231b09bf472cb937c24','菜单管理','编辑','/admin/menu/{*}','2018-07-16 11:04:53','1','管理员','127.0.0.1'),(519,'ac88ceb386aa4231b09bf472cb937c24','菜单管理','编辑','/admin/menu/{*}','2018-07-16 11:04:59','1','管理员','127.0.0.1'),(520,'ac88ceb386aa4231b09bf472cb937c24','菜单管理','删除','/admin/menu/{*}','2018-07-16 11:35:22','1','管理员','127.0.0.1'),(521,'ac88ceb386aa4231b09bf472cb937c24','角色权限管理','分配菜单','/admin/group/{*}/authority/menu','2018-07-16 11:36:28','1','管理员','127.0.0.1'),(522,'ac88ceb386aa4231b09bf472cb937c24','角色权限管理','分配菜单','/admin/group/{*}/authority/menu','2018-07-16 11:36:45','1','管理员','127.0.0.1'),(523,'ac88ceb386aa4231b09bf472cb937c24','角色权限管理','分配菜单','/admin/group/{*}/authority/menu','2018-07-16 12:11:19','1','管理员','127.0.0.1'),(524,'ac88ceb386aa4231b09bf472cb937c24','租户管理','新增租户','/admin/tenant','2018-07-16 18:58:21','1','管理员','127.0.0.1'),(525,'ac88ceb386aa4231b09bf472cb937c24','租户管理','新增租户','/admin/tenant','2018-07-16 18:59:11','1','管理员','127.0.0.1'),(526,'ac88ceb386aa4231b09bf472cb937c24','用户管理','新增','/admin/user','2018-07-16 19:03:10','1','管理员','127.0.0.1'),(527,'ac88ceb386aa4231b09bf472cb937c24','用户管理','新增','/admin/user','2018-07-16 19:03:57','1','管理员','127.0.0.1'),(528,'ac88ceb386aa4231b09bf472cb937c24','组织机构','编辑部门值','/admin/depart/{*}','2018-07-16 19:04:31','1','管理员','127.0.0.1'),(529,'ac88ceb386aa4231b09bf472cb937c24','组织机构','新增部门值','/admin/depart','2018-07-16 19:04:35','1','管理员','127.0.0.1'),(530,'ac88ceb386aa4231b09bf472cb937c24','组织机构','编辑部门值','/admin/depart/{*}','2018-07-16 19:04:51','1','管理员','127.0.0.1'),(531,'ac88ceb386aa4231b09bf472cb937c24','用户管理','新增','/admin/user','2018-07-16 19:06:37','1','管理员','127.0.0.1'),(532,'ac88ceb386aa4231b09bf472cb937c24','用户管理','新增','/admin/user','2018-07-16 19:08:30','1','管理员','127.0.0.1'),(533,'ac88ceb386aa4231b09bf472cb937c24','用户管理','新增','/admin/user','2018-07-16 19:09:48','1','管理员','127.0.0.1'),(534,'ac88ceb386aa4231b09bf472cb937c24','用户管理','新增','/admin/user','2018-07-16 19:12:41','1','管理员','127.0.0.1'),(535,'ac88ceb386aa4231b09bf472cb937c24','用户管理','新增','/admin/user','2018-07-16 19:12:59','1','管理员','127.0.0.1'),(536,'ac88ceb386aa4231b09bf472cb937c24','角色权限管理','分配用户','/admin/group/{*}/user','2018-07-16 19:16:51','1','管理员','127.0.0.1'),(537,'ac88ceb386aa4231b09bf472cb937c24','角色权限管理','分配用户','/admin/group/{*}/user','2018-07-16 19:17:18','1','管理员','127.0.0.1'),(538,'ac88ceb386aa4231b09bf472cb937c24','角色权限管理','分配菜单','/admin/group/{*}/authority/menu','2018-07-16 19:18:55','1','管理员','127.0.0.1'),(539,'ac88ceb386aa4231b09bf472cb937c24','角色权限管理','菜单下发','/admin/group/{*}/authorize/menu','2018-07-16 19:19:23','1','管理员','127.0.0.1'),(540,'ac88ceb386aa4231b09bf472cb937c24','角色权限管理','分配菜单','/admin/group/{*}/authority/menu','2018-07-16 19:21:32','1','管理员','127.0.0.1'),(541,'ac88ceb386aa4231b09bf472cb937c24','角色权限管理','分配用户','/admin/group/{*}/user','2018-07-16 19:23:55','1','管理员','127.0.0.1'),(542,'ac88ceb386aa4231b09bf472cb937c24','角色权限管理','分配用户','/admin/group/{*}/user','2018-07-16 19:24:07','1','管理员','127.0.0.1'),(543,'ac88ceb386aa4231b09bf472cb937c24','角色权限管理','分配用户','/admin/group/{*}/user','2018-07-16 19:24:11','1','管理员','127.0.0.1'),(544,'ac88ceb386aa4231b09bf472cb937c24','角色权限管理','分配菜单','/admin/group/{*}/authority/menu','2018-07-16 19:27:34','1','管理员','127.0.0.1'),(545,'2d90cfe4ca4648a193b05de645f5ae54','组织机构','新增部门值','/admin/depart','2018-07-16 19:29:14','a035e8755fc54617b80c24bea3cdc630','技术性审查项目管理员','127.0.0.1'),(546,'2d90cfe4ca4648a193b05de645f5ae54','组织机构','编辑部门值','/admin/depart/{*}','2018-07-16 19:29:27','a035e8755fc54617b80c24bea3cdc630','技术性审查项目管理员','127.0.0.1'),(547,'2d90cfe4ca4648a193b05de645f5ae54','组织机构','新增部门值','/admin/depart','2018-07-16 19:29:35','a035e8755fc54617b80c24bea3cdc630','技术性审查项目管理员','127.0.0.1'),(548,'2d90cfe4ca4648a193b05de645f5ae54','组织机构','编辑部门值','/admin/depart/{*}','2018-07-16 19:29:49','a035e8755fc54617b80c24bea3cdc630','技术性审查项目管理员','127.0.0.1'),(549,'2d90cfe4ca4648a193b05de645f5ae54','组织机构','新增部门人员','/admin/depart/user','2018-07-16 19:32:43','a035e8755fc54617b80c24bea3cdc630','技术性审查项目管理员','127.0.0.1'),(550,'2d90cfe4ca4648a193b05de645f5ae54','用户管理','新增','/admin/user','2018-07-16 19:34:10','a035e8755fc54617b80c24bea3cdc630','技术性审查项目管理员','127.0.0.1'),(551,'ac88ceb386aa4231b09bf472cb937c24','角色权限管理','分配菜单','/admin/group/{*}/authority/menu','2018-07-16 19:37:12','1','管理员','127.0.0.1'),(552,'ac88ceb386aa4231b09bf472cb937c24','角色权限管理','分配用户','/admin/group/{*}/user','2018-07-16 19:37:18','1','管理员','127.0.0.1'),(553,'2d90cfe4ca4648a193b05de645f5ae54','用户管理','编辑','/admin/user/{*}','2018-07-16 19:39:04','a035e8755fc54617b80c24bea3cdc630','技术性审查项目管理员','127.0.0.1'),(554,'ac88ceb386aa4231b09bf472cb937c24','角色权限管理','菜单下发','/admin/group/{*}/authorize/menu','2018-07-16 19:39:46','1','管理员','127.0.0.1'),(555,'ac88ceb386aa4231b09bf472cb937c24','角色权限管理','分配菜单','/admin/group/{*}/authority/menu','2018-07-17 09:42:38','1','管理员','127.0.0.1'),(556,'ac88ceb386aa4231b09bf472cb937c24','角色权限管理','分配用户','/admin/group/{*}/user','2018-07-17 09:42:49','1','管理员','127.0.0.1'),(557,'ac88ceb386aa4231b09bf472cb937c24','角色权限管理','分配用户','/admin/group/{*}/user','2018-07-17 09:43:20','1','管理员','127.0.0.1'),(558,'ac88ceb386aa4231b09bf472cb937c24','角色权限管理','分配用户','/admin/group/{*}/user','2018-07-17 09:43:30','1','管理员','127.0.0.1'),(559,'ac88ceb386aa4231b09bf472cb937c24','角色权限管理','分配菜单','/admin/group/{*}/authority/menu','2018-07-17 09:44:20','1','管理员','127.0.0.1'),(560,'9da5649b2cbb477ab680bd347059bac7','菜单管理','新增','/admin/menu','2018-07-17 11:30:33','2147a930090546c1ad9d4ef98330e97c','licheng','127.0.0.1'),(561,'9da5649b2cbb477ab680bd347059bac7','菜单管理','编辑','/admin/menu/{*}','2018-07-17 11:30:48','2147a930090546c1ad9d4ef98330e97c','licheng','127.0.0.1'),(562,'9da5649b2cbb477ab680bd347059bac7','菜单管理','编辑','/admin/menu/{*}','2018-07-17 11:30:55','2147a930090546c1ad9d4ef98330e97c','licheng','127.0.0.1'),(563,'9da5649b2cbb477ab680bd347059bac7','菜单管理','新增','/admin/menu','2018-07-17 11:31:28','2147a930090546c1ad9d4ef98330e97c','licheng','127.0.0.1'),(564,'9da5649b2cbb477ab680bd347059bac7','菜单管理','新增','/admin/menu','2018-07-17 11:35:50','2147a930090546c1ad9d4ef98330e97c','licheng','127.0.0.1'),(565,'9da5649b2cbb477ab680bd347059bac7','菜单管理','新增','/admin/menu','2018-07-17 11:37:16','2147a930090546c1ad9d4ef98330e97c','licheng','127.0.0.1'),(566,'9da5649b2cbb477ab680bd347059bac7','菜单管理','新增','/admin/menu','2018-07-17 11:38:32','2147a930090546c1ad9d4ef98330e97c','licheng','127.0.0.1'),(567,'9da5649b2cbb477ab680bd347059bac7','菜单管理','新增','/admin/menu','2018-07-17 11:39:30','2147a930090546c1ad9d4ef98330e97c','licheng','127.0.0.1'),(568,'9da5649b2cbb477ab680bd347059bac7','菜单管理','新增','/admin/menu','2018-07-17 11:40:31','2147a930090546c1ad9d4ef98330e97c','licheng','127.0.0.1'),(569,'9da5649b2cbb477ab680bd347059bac7','菜单管理','新增','/admin/menu','2018-07-17 11:42:05','2147a930090546c1ad9d4ef98330e97c','licheng','127.0.0.1'),(570,'9da5649b2cbb477ab680bd347059bac7','菜单管理','新增','/admin/menu','2018-07-17 11:42:59','2147a930090546c1ad9d4ef98330e97c','licheng','127.0.0.1'),(571,'9da5649b2cbb477ab680bd347059bac7','菜单管理','新增','/admin/menu','2018-07-17 11:44:23','2147a930090546c1ad9d4ef98330e97c','licheng','127.0.0.1'),(572,'9da5649b2cbb477ab680bd347059bac7','菜单管理','新增','/admin/menu','2018-07-17 11:45:10','2147a930090546c1ad9d4ef98330e97c','licheng','127.0.0.1'),(573,'9da5649b2cbb477ab680bd347059bac7','菜单管理','新增','/admin/menu','2018-07-17 11:45:55','2147a930090546c1ad9d4ef98330e97c','licheng','127.0.0.1'),(574,'9da5649b2cbb477ab680bd347059bac7','菜单管理','新增','/admin/menu','2018-07-17 11:47:18','2147a930090546c1ad9d4ef98330e97c','licheng','127.0.0.1'),(575,'9da5649b2cbb477ab680bd347059bac7','菜单管理','新增','/admin/menu','2018-07-17 11:48:45','2147a930090546c1ad9d4ef98330e97c','licheng','127.0.0.1'),(576,'9da5649b2cbb477ab680bd347059bac7','菜单管理','新增','/admin/menu','2018-07-17 11:49:36','2147a930090546c1ad9d4ef98330e97c','licheng','127.0.0.1'),(577,'ac88ceb386aa4231b09bf472cb937c24','菜单管理','编辑','/admin/menu/{*}','2018-07-17 15:06:39','1','管理员','127.0.0.1'),(578,'ac88ceb386aa4231b09bf472cb937c24','菜单管理','编辑','/admin/menu/{*}','2018-07-17 16:38:44','1','管理员','127.0.0.1'),(579,'ac88ceb386aa4231b09bf472cb937c24','角色权限管理','分配菜单','/admin/group/{*}/authority/menu','2018-07-17 19:22:53','1','管理员','127.0.0.1'),(580,'ac88ceb386aa4231b09bf472cb937c24','数据字典','新增字典目录','/dict/dictType','2018-07-18 23:01:36','1','管理员','127.0.0.1'),(581,'ac88ceb386aa4231b09bf472cb937c24','数据字典','编辑字典目录','/dict/dictType/{*}','2018-07-18 23:02:28','1','管理员','127.0.0.1'),(582,'ac88ceb386aa4231b09bf472cb937c24','数据字典','新增字典值','/dict/dictValue','2018-07-18 23:04:28','1','管理员','127.0.0.1'),(583,'ac88ceb386aa4231b09bf472cb937c24','数据字典','新增字典值','/dict/dictValue','2018-07-18 23:05:13','1','管理员','127.0.0.1'),(584,'ac88ceb386aa4231b09bf472cb937c24','数据字典','新增字典值','/dict/dictValue','2018-07-18 23:09:01','1','管理员','127.0.0.1'),(585,'ac88ceb386aa4231b09bf472cb937c24','数据字典','编辑字典值','/dict/dictValue/{*}','2018-07-18 23:09:15','1','管理员','127.0.0.1'),(586,'ac88ceb386aa4231b09bf472cb937c24','数据字典','新增字典值','/dict/dictValue','2018-07-18 23:10:37','1','管理员','127.0.0.1'),(587,'ac88ceb386aa4231b09bf472cb937c24','数据字典','新增字典值','/dict/dictValue','2018-07-18 23:10:59','1','管理员','127.0.0.1'),(588,'ac88ceb386aa4231b09bf472cb937c24','菜单管理','新增元素','/admin/element','2018-07-19 11:34:18','1','管理员','192.168.1.5'),(589,'ac88ceb386aa4231b09bf472cb937c24','菜单管理','编辑元素','/admin/element/{*}','2018-07-19 15:10:09','1','管理员','192.168.1.5'),(590,'ac88ceb386aa4231b09bf472cb937c24','菜单管理','新增元素','/admin/element','2018-07-19 15:31:19','1','管理员','192.168.1.5'),(591,'ac88ceb386aa4231b09bf472cb937c24','菜单管理','新增元素','/admin/element','2018-07-19 15:32:31','1','管理员','192.168.1.5'),(592,'ac88ceb386aa4231b09bf472cb937c24','车辆管理','删除','/cgp/vhclManagement/{*}','2018-07-19 17:00:20','1','管理员','192.168.1.5'),(593,'ac88ceb386aa4231b09bf472cb937c24','车辆管理','删除','/cgp/vhclManagement/{*}','2018-07-19 17:00:38','1','管理员','192.168.1.5'),(594,'ac88ceb386aa4231b09bf472cb937c24','车辆管理','删除','/cgp/vhclManagement/{*}','2018-07-19 19:52:29','1','管理员','192.168.1.5'),(595,'ac88ceb386aa4231b09bf472cb937c24','车辆管理','删除','/cgp/vhclManagement/{*}','2018-07-19 20:48:12','1','管理员','192.168.1.5'),(596,'ac88ceb386aa4231b09bf472cb937c24','角色权限管理','分配菜单','/admin/group/{*}/authority/menu','2018-07-20 09:28:45','1','管理员','192.168.1.5'),(597,'ac88ceb386aa4231b09bf472cb937c24','车辆管理','删除','/cgp/vhclManagement/{*}','2018-07-20 09:29:15','1','管理员','192.168.1.5'),(598,'ac88ceb386aa4231b09bf472cb937c24','车辆管理','删除','/cgp/vhclManagement/{*}','2018-07-20 09:29:31','1','管理员','192.168.1.5'),(599,'ac88ceb386aa4231b09bf472cb937c24','车辆管理','删除','/cgp/vhclManagement/{*}','2018-07-20 09:29:47','1','管理员','192.168.1.5'),(600,'ac88ceb386aa4231b09bf472cb937c24','菜单管理','新增元素','/admin/element','2018-07-20 09:49:42','1','管理员','192.168.1.5'),(601,'ac88ceb386aa4231b09bf472cb937c24','菜单管理','新增元素','/admin/element','2018-07-20 09:50:38','1','管理员','192.168.1.5'),(602,'ac88ceb386aa4231b09bf472cb937c24','菜单管理','新增元素','/admin/element','2018-07-20 09:51:43','1','管理员','192.168.1.5'),(603,'ac88ceb386aa4231b09bf472cb937c24','菜单管理','新增元素','/admin/element','2018-07-20 10:51:33','1','管理员','192.168.1.5'),(604,'ac88ceb386aa4231b09bf472cb937c24','菜单管理','新增元素','/admin/element','2018-07-20 10:52:30','1','管理员','192.168.1.5'),(605,'ac88ceb386aa4231b09bf472cb937c24','菜单管理','新增元素','/admin/element','2018-07-20 10:53:17','1','管理员','192.168.1.5'),(606,'ac88ceb386aa4231b09bf472cb937c24','终端管理','删除','/cgp/enforceTerminal/{*}','2018-07-20 10:57:33','1','管理员','192.168.1.5'),(607,'9da5649b2cbb477ab680bd347059bac7','车辆管理','新增','/cgp/vhclManagement/add','2018-07-20 11:23:43','2147a930090546c1ad9d4ef98330e97c','licheng','0:0:0:0:0:0:0:1'),(608,'9da5649b2cbb477ab680bd347059bac7','车辆管理','修改','/cgp/vhclManagement/update/{*}','2018-07-20 12:09:00','2147a930090546c1ad9d4ef98330e97c','licheng','0:0:0:0:0:0:0:1'),(609,'9da5649b2cbb477ab680bd347059bac7','车辆管理','修改','/cgp/vhclManagement/update/{*}','2018-07-20 12:10:04','2147a930090546c1ad9d4ef98330e97c','licheng','0:0:0:0:0:0:0:1'),(610,'9da5649b2cbb477ab680bd347059bac7','车辆管理','修改','/cgp/vhclManagement/update/{*}','2018-07-20 12:12:12','2147a930090546c1ad9d4ef98330e97c','licheng','0:0:0:0:0:0:0:1'),(611,'9da5649b2cbb477ab680bd347059bac7','车辆管理','修改','/cgp/vhclManagement/update/{*}','2018-07-20 12:15:33','2147a930090546c1ad9d4ef98330e97c','licheng','0:0:0:0:0:0:0:1'),(612,'9da5649b2cbb477ab680bd347059bac7','车辆管理','修改','/cgp/vhclManagement/update/{*}','2018-07-20 12:18:16','2147a930090546c1ad9d4ef98330e97c','licheng','0:0:0:0:0:0:0:1'),(613,'9da5649b2cbb477ab680bd347059bac7','车辆管理','修改','/cgp/vhclManagement/update/{*}','2018-07-20 12:18:32','2147a930090546c1ad9d4ef98330e97c','licheng','0:0:0:0:0:0:0:1'),(614,'ac88ceb386aa4231b09bf472cb937c24','车辆管理','删除','/cgp/vhclManagement/{*}','2018-07-20 14:45:20','1','管理员','192.168.1.5'),(615,'ac88ceb386aa4231b09bf472cb937c24','车辆管理','删除','/cgp/vhclManagement/{*}','2018-07-20 14:47:24','1','管理员','192.168.1.5'),(616,'ac88ceb386aa4231b09bf472cb937c24','车辆管理','删除','/cgp/vhclManagement/{*}','2018-07-20 14:49:49','1','管理员','192.168.1.5'),(617,'ac88ceb386aa4231b09bf472cb937c24','车辆管理','删除','/cgp/vhclManagement/{*}','2018-07-20 15:12:05','1','管理员','192.168.1.5'),(618,'ac88ceb386aa4231b09bf472cb937c24','车辆管理','删除','/cgp/vhclManagement/{*}','2018-07-20 15:12:13','1','管理员','192.168.1.5'),(619,'ac88ceb386aa4231b09bf472cb937c24','车辆管理','删除','/cgp/vhclManagement/{*}','2018-07-20 15:12:17','1','管理员','192.168.1.5'),(620,'ac88ceb386aa4231b09bf472cb937c24','车辆管理','删除','/cgp/vhclManagement/{*}','2018-07-20 15:49:39','1','管理员','192.168.1.5'),(621,'ac88ceb386aa4231b09bf472cb937c24','车辆管理','删除','/cgp/vhclManagement/{*}','2018-07-20 15:50:10','1','管理员','192.168.1.5'),(622,'ac88ceb386aa4231b09bf472cb937c24','车辆管理','删除','/cgp/vhclManagement/{*}','2018-07-20 15:57:33','1','管理员','192.168.1.5'),(623,'9da5649b2cbb477ab680bd347059bac7','车辆管理','删除','/cgp/vhclManagement/{*}','2018-07-20 18:09:57','2147a930090546c1ad9d4ef98330e97c','licheng','0:0:0:0:0:0:0:1'),(624,'ac88ceb386aa4231b09bf472cb937c24','车辆管理','删除','/cgp/vhclManagement/{*}','2018-07-20 18:11:14','1','管理员','192.168.1.5'),(625,'ac88ceb386aa4231b09bf472cb937c24','组织机构','新增部门值','/admin/depart','2018-07-22 17:55:07','1','管理员','127.0.0.1'),(626,'ac88ceb386aa4231b09bf472cb937c24','组织机构','删除部门值','/admin/depart/{*}','2018-07-22 17:55:19','1','管理员','127.0.0.1'),(627,'9da5649b2cbb477ab680bd347059bac7','组织机构','新增部门值','/admin/depart','2018-07-22 21:09:23','2147a930090546c1ad9d4ef98330e97c','licheng','127.0.0.1'),(628,'9da5649b2cbb477ab680bd347059bac7','组织机构','编辑部门值','/admin/depart/{*}','2018-07-22 21:10:19','2147a930090546c1ad9d4ef98330e97c','licheng','127.0.0.1'),(629,'ac88ceb386aa4231b09bf472cb937c24','菜单管理','新增','/admin/menu','2018-07-25 10:09:53','1','管理员','127.0.0.1'),(630,'ac88ceb386aa4231b09bf472cb937c24','角色权限管理','分配菜单','/admin/group/{*}/authority/menu','2018-07-25 10:11:36','1','管理员','127.0.0.1'),(631,'ac88ceb386aa4231b09bf472cb937c24','菜单管理','新增元素','/admin/element','2018-07-25 10:14:01','1','管理员','127.0.0.1'),(632,'ac88ceb386aa4231b09bf472cb937c24','菜单管理','新增元素','/admin/element','2018-07-25 10:15:13','1','管理员','127.0.0.1'),(633,'ac88ceb386aa4231b09bf472cb937c24','菜单管理','新增元素','/admin/element','2018-07-25 10:15:52','1','管理员','127.0.0.1'),(634,'ac88ceb386aa4231b09bf472cb937c24','角色权限管理','分配菜单','/admin/group/{*}/authority/menu','2018-07-25 10:16:03','1','管理员','127.0.0.1'),(635,'ac88ceb386aa4231b09bf472cb937c24','组织机构','新增岗位','/admin/position','2018-07-26 18:27:36','1','管理员','127.0.0.1'),(636,'ac88ceb386aa4231b09bf472cb937c24','组织机构','新增岗位','/admin/position','2018-07-26 18:27:54','1','管理员','127.0.0.1'),(637,'ac88ceb386aa4231b09bf472cb937c24','组织机构','新增岗位','/admin/position','2018-07-26 18:28:23','1','管理员','127.0.0.1'),(638,'ac88ceb386aa4231b09bf472cb937c24','角色权限管理','分配菜单','/admin/group/{*}/authority/menu','2018-07-27 09:42:30','1','管理员','127.0.0.1'),(639,'ac88ceb386aa4231b09bf472cb937c24','数据字典','新增字典目录','/dict/dictType','2018-07-27 11:37:10','1','管理员','127.0.0.1'),(640,'ac88ceb386aa4231b09bf472cb937c24','数据字典','编辑字典目录','/dict/dictType/{*}','2018-07-27 11:37:35','1','管理员','127.0.0.1'),(641,'ac88ceb386aa4231b09bf472cb937c24','数据字典','新增字典值','/dict/dictValue','2018-07-27 11:37:58','1','管理员','127.0.0.1'),(642,'ac88ceb386aa4231b09bf472cb937c24','数据字典','新增字典值','/dict/dictValue','2018-07-27 11:38:18','1','管理员','127.0.0.1'),(643,'ac88ceb386aa4231b09bf472cb937c24','数据字典','新增字典值','/dict/dictValue','2018-07-27 11:38:44','1','管理员','127.0.0.1'),(644,'ac88ceb386aa4231b09bf472cb937c24','数据字典','新增字典值','/dict/dictValue','2018-07-27 11:39:05','1','管理员','127.0.0.1'),(645,'ac88ceb386aa4231b09bf472cb937c24','数据字典','新增字典目录','/dict/dictType','2018-07-29 10:27:41','1','管理员','127.0.0.1'),(646,'ac88ceb386aa4231b09bf472cb937c24','数据字典','新增字典目录','/dict/dictType','2018-07-29 10:27:45','1','管理员','127.0.0.1'),(647,'ac88ceb386aa4231b09bf472cb937c24','数据字典','新增字典目录','/dict/dictType','2018-07-29 10:27:45','1','管理员','127.0.0.1'),(648,'ac88ceb386aa4231b09bf472cb937c24','数据字典','删除字典目录','/dict/dictType/{*}','2018-07-29 10:27:48','1','管理员','127.0.0.1'),(649,'ac88ceb386aa4231b09bf472cb937c24','数据字典','编辑字典目录','/dict/dictType/{*}','2018-07-29 10:31:32','1','管理员','127.0.0.1'),(650,'ac88ceb386aa4231b09bf472cb937c24','数据字典','编辑字典目录','/dict/dictType/{*}','2018-07-29 10:32:14','1','管理员','127.0.0.1'),(651,'ac88ceb386aa4231b09bf472cb937c24','数据字典','新增字典值','/dict/dictValue','2018-07-29 10:32:46','1','管理员','127.0.0.1'),(652,'ac88ceb386aa4231b09bf472cb937c24','数据字典','新增字典值','/dict/dictValue','2018-07-29 10:34:46','1','管理员','127.0.0.1'),(653,'ac88ceb386aa4231b09bf472cb937c24','数据字典','新增字典值','/dict/dictValue','2018-07-29 10:35:14','1','管理员','127.0.0.1'),(654,'ac88ceb386aa4231b09bf472cb937c24','数据字典','新增字典值','/dict/dictValue','2018-07-29 10:36:03','1','管理员','127.0.0.1'),(655,'ac88ceb386aa4231b09bf472cb937c24','数据字典','新增字典值','/dict/dictValue','2018-07-29 10:36:24','1','管理员','127.0.0.1'),(656,'ac88ceb386aa4231b09bf472cb937c24','数据字典','新增字典值','/dict/dictValue','2018-07-29 10:36:49','1','管理员','127.0.0.1'),(657,'ac88ceb386aa4231b09bf472cb937c24','数据字典','新增字典值','/dict/dictValue','2018-07-29 10:37:24','1','管理员','127.0.0.1'),(658,'ac88ceb386aa4231b09bf472cb937c24','数据字典','新增字典值','/dict/dictValue','2018-07-29 10:37:48','1','管理员','127.0.0.1'),(659,'ac88ceb386aa4231b09bf472cb937c24','数据字典','新增字典值','/dict/dictValue','2018-07-29 10:38:16','1','管理员','127.0.0.1'),(660,'ac88ceb386aa4231b09bf472cb937c24','客户端管理','新增客户端','/auth/oauthClientDetails','2018-07-29 16:33:42','1','管理员','127.0.0.1'),(661,'ac88ceb386aa4231b09bf472cb937c24','数据字典','新增字典目录','/dict/dictType','2018-07-29 16:34:55','1','管理员','127.0.0.1'),(662,'ac88ceb386aa4231b09bf472cb937c24','数据字典','编辑字典目录','/dict/dictType/{*}','2018-07-29 16:35:10','1','管理员','127.0.0.1'),(663,'ac88ceb386aa4231b09bf472cb937c24','数据字典','新增字典值','/dict/dictValue','2018-07-29 16:36:05','1','管理员','127.0.0.1'),(664,'ac88ceb386aa4231b09bf472cb937c24','数据字典','新增字典值','/dict/dictValue','2018-07-29 16:36:29','1','管理员','127.0.0.1'),(665,'ac88ceb386aa4231b09bf472cb937c24','数据字典','新增字典值','/dict/dictValue','2018-07-29 16:36:52','1','管理员','127.0.0.1'),(666,'ac88ceb386aa4231b09bf472cb937c24','数据字典','新增字典值','/dict/dictValue','2018-07-29 16:37:16','1','管理员','127.0.0.1'),(667,'ac88ceb386aa4231b09bf472cb937c24','数据字典','新增字典值','/dict/dictValue','2018-07-29 16:37:37','1','管理员','127.0.0.1'),(668,'ac88ceb386aa4231b09bf472cb937c24','数据字典','新增字典值','/dict/dictValue','2018-07-29 16:37:57','1','管理员','127.0.0.1'),(669,'ac88ceb386aa4231b09bf472cb937c24','数据字典','新增字典值','/dict/dictValue','2018-07-29 16:38:20','1','管理员','127.0.0.1'),(670,'ac88ceb386aa4231b09bf472cb937c24','数据字典','新增字典值','/dict/dictValue','2018-07-29 16:38:41','1','管理员','127.0.0.1'),(671,'ac88ceb386aa4231b09bf472cb937c24','客户端管理','编辑客户端','/auth/oauthClientDetails/{*}','2018-07-29 17:01:30','1','管理员','127.0.0.1'),(672,'ac88ceb386aa4231b09bf472cb937c24','客户端管理','编辑客户端','/auth/oauthClientDetails/{*}','2018-07-29 17:02:29','1','管理员','127.0.0.1'),(673,'ac88ceb386aa4231b09bf472cb937c24','客户端管理','编辑客户端','/auth/oauthClientDetails/{*}','2018-07-29 17:25:17','1','管理员','127.0.0.1'),(674,'ac88ceb386aa4231b09bf472cb937c24','客户端管理','编辑客户端','/auth/oauthClientDetails/{*}','2018-07-29 17:25:35','1','管理员','127.0.0.1'),(675,'ac88ceb386aa4231b09bf472cb937c24','客户端管理','编辑客户端','/auth/oauthClientDetails/{*}','2018-07-29 17:25:55','1','管理员','127.0.0.1'),(676,'ac88ceb386aa4231b09bf472cb937c24','数据字典','新增字典目录','/dict/dictType','2018-07-31 16:08:41','1','管理员','127.0.0.1'),(677,'ac88ceb386aa4231b09bf472cb937c24','数据字典','编辑字典目录','/dict/dictType/{*}','2018-07-31 16:10:47','1','管理员','127.0.0.1'),(678,'ac88ceb386aa4231b09bf472cb937c24','数据字典','新增字典值','/dict/dictValue','2018-07-31 16:11:16','1','管理员','127.0.0.1'),(679,'ac88ceb386aa4231b09bf472cb937c24','数据字典','新增字典值','/dict/dictValue','2018-07-31 16:12:02','1','管理员','127.0.0.1'),(680,'ac88ceb386aa4231b09bf472cb937c24','数据字典','新增字典值','/dict/dictValue','2018-07-31 16:12:55','1','管理员','127.0.0.1'),(681,'ac88ceb386aa4231b09bf472cb937c24','数据字典','编辑字典值','/dict/dictValue/{*}','2018-07-31 16:13:23','1','管理员','127.0.0.1'),(682,'ac88ceb386aa4231b09bf472cb937c24','数据字典','编辑字典值','/dict/dictValue/{*}','2018-07-31 16:13:32','1','管理员','127.0.0.1'),(683,'ac88ceb386aa4231b09bf472cb937c24','数据字典','新增字典目录','/dict/dictType','2018-08-02 09:05:39','1','管理员','127.0.0.1'),(684,'ac88ceb386aa4231b09bf472cb937c24','数据字典','编辑字典目录','/dict/dictType/{*}','2018-08-02 09:06:07','1','管理员','127.0.0.1'),(685,'ac88ceb386aa4231b09bf472cb937c24','数据字典','新增字典值','/dict/dictValue','2018-08-02 09:06:41','1','管理员','127.0.0.1'),(686,'ac88ceb386aa4231b09bf472cb937c24','数据字典','新增字典值','/dict/dictValue','2018-08-02 09:08:11','1','管理员','127.0.0.1'),(687,'ac88ceb386aa4231b09bf472cb937c24','菜单管理','新增','/admin/menu','2018-08-02 09:40:35','1','管理员','127.0.0.1'),(688,'ac88ceb386aa4231b09bf472cb937c24','角色权限管理','分配菜单','/admin/group/{*}/authority/menu','2018-08-02 09:45:43','1','管理员','127.0.0.1');

/*!40101 SET SQL_MODE=@OLD_SQL_MODE */;
/*!40014 SET FOREIGN_KEY_CHECKS=@OLD_FOREIGN_KEY_CHECKS */;
/*!40014 SET UNIQUE_CHECKS=@OLD_UNIQUE_CHECKS */;
/*!40111 SET SQL_NOTES=@OLD_SQL_NOTES */;
